candidate_id,stem,seed,source_row_index,neoplastic_centroid_count,inflammatory_centroid_count,candidate_order,seed_index,config_id,green_sd,controlnet_strength,denoising_steps,spatial_score
candidate_0000,TCGA-A2-A0CW_x65536_y47104_TL,1096937707,1,3,123,0,0,cfg00_g0_c2_s30,0.0,2.0,30,0.8810810810810811
candidate_0001,TCGA-AR-A24Z_x34816_y44032_BR,1913044195,3,7,2,15,7,cfg01_gm1_c2_s30,-1.0,2.0,30,0.9130434782608696
candidate_0002,TCGA-AR-A0TW_x99328_y41984_BR,2122398935,4,20,15,3,3,cfg00_g0_c2_s30,0.0,2.0,30,0.8
candidate_0003,TCGA-A8-A0A7_x18432_y9216_TR,1257559958,5,33,7,2,2,cfg00_g0_c2_s30,0.0,2.0,30,0.7619047619047619
candidate_0004,TCGA-GM-A2DA_x5120_y24576_BR,1435289796,7,9,13,7,7,cfg00_g0_c2_s30,0.0,2.0,30,0.875
candidate_0005,TCGA-UU-A93S_x23552_y41984_BR,23472875,9,61,4,7,7,cfg00_g0_c2_s30,0.0,2.0,30,0.8839285714285714
candidate_0006,TCGA-D8-A1XF_x26624_y22528_TR,42342217,10,53,1,4,4,cfg00_g0_c2_s30,0.0,2.0,30,0.7634408602150538
candidate_0007,TCGA-A2-A0EQ_x105472_y23552_TL,1597131675,11,37,40,13,5,cfg01_gm1_c2_s30,-1.0,2.0,30,0.7
candidate_0008,TCGA-A8-A06T_x10240_y13312_BR,1758534349,13,11,10,5,5,cfg00_g0_c2_s30,0.0,2.0,30,0.8666666666666667
candidate_0009,TCGA-AQ-A7U7_x41984_y48128_TL,1840774491,14,9,1,1,1,cfg00_g0_c2_s30,0.0,2.0,30,0.8387096774193549
candidate_0010,TCGA-AR-A1AR_x38912_y13312_BL,802091859,15,135,25,0,0,cfg00_g0_c2_s30,0.0,2.0,30,0.8944444444444445
candidate_0011,TCGA-A2-A0CZ_x78848_y43008_TR,167164558,17,9,6,1,1,cfg00_g0_c2_s30,0.0,2.0,30,0.8301886792452831
candidate_0012,TCGA-LL-A5YL_x36864_y37888_TL,1264243056,18,14,5,14,6,cfg01_gm1_c2_s30,-1.0,2.0,30,0.7142857142857143
candidate_0013,TCGA-AO-A0JD_x40960_y11264_TR,1561600353,19,7,259,6,6,cfg00_g0_c2_s30,0.0,2.0,30,0.9174311926605504
candidate_0014,TCGA-GM-A2D9_x53248_y64512_TL,787504541,20,80,3,2,2,cfg00_g0_c2_s30,0.0,2.0,30,0.8773584905660378
candidate_0015,TCGA-D8-A1X9_x9216_y58368_BR,383005104,21,13,1,12,4,cfg01_gm1_c2_s30,-1.0,2.0,30,0.7959183673469388
candidate_0016,TCGA-AR-A0TR_x104448_y31744_BL,1370209522,22,78,1,6,6,cfg00_g0_c2_s30,0.0,2.0,30,0.8850574712643678
candidate_0017,TCGA-S3-AA15_x80896_y52224_BL,1271353021,24,8,303,3,3,cfg00_g0_c2_s30,0.0,2.0,30,0.9415384615384615
candidate_0018,TCGA-A1-A0SB_x77824_y47104_BR,843410356,26,154,1,2,2,cfg00_g0_c2_s30,0.0,2.0,30,1.0
candidate_0019,TCGA-D8-A1XG_x12288_y35840_TL,2080644057,28,17,5,1,1,cfg00_g0_c2_s30,0.0,2.0,30,0.8888888888888888
candidate_0020,TCGA-BH-A18R_x28672_y33792_TL,1457843113,29,101,1,3,3,cfg00_g0_c2_s30,0.0,2.0,30,0.961904761904762
candidate_0021,TCGA-B6-A0X0_x72704_y56320_BR,1075448289,30,122,3,2,2,cfg00_g0_c2_s30,0.0,2.0,30,0.9615384615384616
candidate_0022,TCGA-BH-A18L_x44032_y52224_TL,1940968207,33,52,52,7,7,cfg00_g0_c2_s30,0.0,2.0,30,0.78125
candidate_0023,TCGA-A8-A07E_x33792_y91136_TL,1111783128,34,16,2,4,4,cfg00_g0_c2_s30,0.0,2.0,30,0.7804878048780488
candidate_0024,TCGA-A8-A06Q_x20480_y13312_TL,1200509145,35,11,3,0,0,cfg00_g0_c2_s30,0.0,2.0,30,0.7735849056603774
candidate_0025,TCGA-C8-A138_x14336_y41984_BL,461249147,36,60,1,1,1,cfg00_g0_c2_s30,0.0,2.0,30,0.8309859154929577
candidate_0026,TCGA-BH-A28O_x31744_y19456_BL,620505953,38,4,2,14,6,cfg01_gm1_c2_s30,-1.0,2.0,30,0.9310344827586208
candidate_0027,TCGA-A2-A0YF_x139264_y36864_TR,827556969,41,70,17,9,1,cfg01_gm1_c2_s30,-1.0,2.0,30,0.8067226890756303
candidate_0028,TCGA-EW-A1PH_x125952_y35840_BR,1878607262,43,15,1,3,3,cfg00_g0_c2_s30,0.0,2.0,30,0.8461538461538461
candidate_0029,TCGA-A8-A090_x18432_y10240_TR,1445657359,44,20,1,13,5,cfg01_gm1_c2_s30,-1.0,2.0,30,0.7878787878787878
candidate_0030,TCGA-C8-A135_x45056_y57344_BR,1276363403,45,78,2,1,1,cfg00_g0_c2_s30,0.0,2.0,30,0.875
candidate_0031,TCGA-A7-A26G_x27648_y8192_TL,1887259560,46,54,1,3,3,cfg00_g0_c2_s30,0.0,2.0,30,0.8153846153846154
candidate_0032,TCGA-GM-A3NW_x47104_y29696_TL,1595799498,47,16,2,14,6,cfg01_gm1_c2_s30,-1.0,2.0,30,0.7962962962962963
candidate_0033,TCGA-BH-A0BA_x62464_y36864_TR,717441452,48,13,17,2,2,cfg00_g0_c2_s30,0.0,2.0,30,0.6581196581196581
candidate_0034,TCGA-BH-A42V_x26624_y28672_BR,375348431,49,68,2,9,1,cfg01_gm1_c2_s30,-1.0,2.0,30,0.8170731707317073
candidate_0035,TCGA-OL-A66H_x90112_y236544_BL,1200399047,50,6,3,13,5,cfg01_gm1_c2_s30,-1.0,2.0,30,0.56
candidate_0036,TCGA-AO-A0J5_x34816_y5120_BL,1284195057,51,9,5,11,3,cfg01_gm1_c2_s30,-1.0,2.0,30,0.3902439024390244
candidate_0037,TCGA-A7-A0CG_x18432_y5120_BR,1097863147,52,12,7,10,2,cfg01_gm1_c2_s30,-1.0,2.0,30,0.8125
candidate_0038,TCGA-A2-A0YJ_x40960_y19456_BR,937579550,53,11,37,0,0,cfg00_g0_c2_s30,0.0,2.0,30,0.6078431372549019
candidate_0039,TCGA-AR-A1AI_x49152_y20480_BL,1424204703,54,18,17,2,2,cfg00_g0_c2_s30,0.0,2.0,30,0.8333333333333334
candidate_0040,TCGA-AR-A1AR_x43008_y20480_BL,263873871,57,32,31,4,4,cfg00_g0_c2_s30,0.0,2.0,30,0.7666666666666667
candidate_0041,TCGA-A8-A07B_x28672_y20480_TL,1725756346,58,40,1,0,0,cfg00_g0_c2_s30,0.0,2.0,30,0.8958333333333334
candidate_0042,TCGA-C8-A138_x16384_y12288_TL,1433087430,59,9,13,3,3,cfg00_g0_c2_s30,0.0,2.0,30,0.95
candidate_0043,TCGA-B6-A0X0_x86016_y72704_TR,507485143,60,21,2,0,0,cfg00_g0_c2_s30,0.0,2.0,30,0.7142857142857143
candidate_0044,TCGA-E2-A14T_x46080_y37888_TR,753435286,61,20,1,13,5,cfg01_gm1_c2_s30,-1.0,2.0,30,0.9714285714285714
candidate_0045,TCGA-BH-A8FZ_x18432_y11264_BR,1382017582,62,15,15,5,5,cfg00_g0_c2_s30,0.0,2.0,30,0.835820895522388
candidate_0046,TCGA-AN-A046_x87040_y23552_BL,163531468,63,17,3,2,2,cfg00_g0_c2_s30,0.0,2.0,30,0.8235294117647058
candidate_0047,TCGA-C8-A12Q_x36864_y36864_BR,1442505582,64,17,5,7,7,cfg00_g0_c2_s30,0.0,2.0,30,0.8032786885245902
candidate_0048,TCGA-BH-A201_x44032_y27648_TL,1174748323,65,57,4,0,0,cfg00_g0_c2_s30,0.0,2.0,30,0.7530864197530864
candidate_0049,TCGA-AO-A12H_x39936_y19456_TL,1798365785,66,171,4,1,1,cfg00_g0_c2_s30,0.0,2.0,30,0.9781420765027322
candidate_0050,TCGA-AN-A0FJ_x8192_y39936_TR,1554866423,69,111,5,7,7,cfg00_g0_c2_s30,0.0,2.0,30,0.896
candidate_0051,TCGA-EW-A1PD_x56320_y48128_BR,625246641,70,2,2,4,4,cfg00_g0_c2_s30,0.0,2.0,30,0.40625
candidate_0052,TCGA-AR-A24Z_x31744_y32768_TR,2036228707,71,4,1,9,1,cfg01_gm1_c2_s30,-1.0,2.0,30,0.7058823529411765
candidate_0053,TCGA-E2-A15C_x69632_y18432_TL,755695360,73,30,27,2,2,cfg00_g0_c2_s30,0.0,2.0,30,0.8584070796460177
candidate_0054,TCGA-B6-A0RI_x86016_y40960_BL,1264696956,75,41,3,7,7,cfg00_g0_c2_s30,0.0,2.0,30,0.5392156862745098
candidate_0055,TCGA-LD-A66U_x46080_y24576_BL,1151756710,76,27,4,15,7,cfg01_gm1_c2_s30,-1.0,2.0,30,0.8545454545454545
candidate_0056,TCGA-BH-A0HF_x49152_y24576_BR,1073062654,78,23,1,4,4,cfg00_g0_c2_s30,0.0,2.0,30,0.8076923076923077
candidate_0057,TCGA-A2-A25C_x33792_y41984_TR,2096944912,79,74,3,3,3,cfg00_g0_c2_s30,0.0,2.0,30,0.9130434782608696
candidate_0058,TCGA-AR-A1AK_x69632_y39936_BR,2069969019,80,7,163,7,7,cfg00_g0_c2_s30,0.0,2.0,30,0.782051282051282
candidate_0059,TCGA-A2-A0EQ_x63488_y30720_TR,1515670058,81,12,25,0,0,cfg00_g0_c2_s30,0.0,2.0,30,0.8099173553719008
candidate_0060,TCGA-BH-A0E2_x79872_y24576_BR,1236442394,82,24,10,2,2,cfg00_g0_c2_s30,0.0,2.0,30,0.8641975308641975
candidate_0061,TCGA-D8-A140_x64512_y29696_TR,78898802,83,99,3,9,1,cfg01_gm1_c2_s30,-1.0,2.0,30,0.8439716312056738
candidate_0062,TCGA-B6-A0RG_x107520_y29696_TL,1279030732,84,37,1,3,3,cfg00_g0_c2_s30,0.0,2.0,30,0.88
candidate_0063,TCGA-A2-A4S0_x59392_y58368_BR,53457711,85,30,1,8,0,cfg01_gm1_c2_s30,-1.0,2.0,30,1.0
candidate_0064,TCGA-AO-A1KP_x33792_y12288_TL,1386164953,86,121,6,1,1,cfg00_g0_c2_s30,0.0,2.0,30,0.8663594470046083
candidate_0065,TCGA-BH-A0E1_x56320_y62464_BR,1936043709,88,55,4,1,1,cfg00_g0_c2_s30,0.0,2.0,30,0.8829787234042553
candidate_0066,TCGA-AO-A1KS_x34816_y20480_TL,621109687,89,223,3,12,4,cfg01_gm1_c2_s30,-1.0,2.0,30,0.9301310043668122
candidate_0067,TCGA-E9-A1R4_x34816_y48128_BL,1176528689,90,3,1,0,0,cfg00_g0_c2_s30,0.0,2.0,30,0.3275862068965517
candidate_0068,TCGA-C8-A27B_x47104_y33792_TR,1673081295,91,17,1,9,1,cfg01_gm1_c2_s30,-1.0,2.0,30,0.8888888888888888
candidate_0069,TCGA-E2-A155_x89088_y11264_BL,1112577205,92,45,7,4,4,cfg00_g0_c2_s30,0.0,2.0,30,0.7733333333333333
candidate_0070,TCGA-AC-A23G_x76800_y1024_TL,1024955336,93,4,2,2,2,cfg00_g0_c2_s30,0.0,2.0,30,0.5
candidate_0071,TCGA-B6-A0IM_x96256_y22528_BL,1747873788,94,72,2,3,3,cfg00_g0_c2_s30,0.0,2.0,30,0.6984126984126984
candidate_0072,TCGA-A8-A0A7_x19456_y37888_TL,2116638145,95,2,23,7,7,cfg00_g0_c2_s30,0.0,2.0,30,0.7261904761904762
candidate_0073,TCGA-AR-A252_x100352_y41984_BR,1391309959,96,19,24,0,0,cfg00_g0_c2_s30,0.0,2.0,30,0.8533333333333334
candidate_0074,TCGA-LL-A5YL_x44032_y5120_TL,351819777,97,2,2,3,3,cfg00_g0_c2_s30,0.0,2.0,30,0.8863636363636364
candidate_0075,TCGA-EW-A2FW_x84992_y55296_TL,390458249,98,135,4,1,1,cfg00_g0_c2_s30,0.0,2.0,30,0.9207317073170732
candidate_0076,TCGA-B6-A0IH_x83968_y25600_BR,924256666,99,2,2,1,1,cfg00_g0_c2_s30,0.0,2.0,30,0.7586206896551724
candidate_0077,TCGA-S3-A6ZG_x14336_y23552_TL,872546533,100,16,6,6,6,cfg00_g0_c2_s30,0.0,2.0,30,0.7142857142857143
candidate_0078,TCGA-D8-A1XT_x11264_y35840_TR,2028935624,101,16,5,5,5,cfg00_g0_c2_s30,0.0,2.0,30,0.6981132075471698
candidate_0079,TCGA-PL-A8LZ_x16384_y19456_TL,1775836520,102,44,2,9,1,cfg01_gm1_c2_s30,-1.0,2.0,30,0.7922077922077922
candidate_0080,TCGA-BH-A5IZ_x61440_y61440_TR,356666979,104,94,3,5,5,cfg00_g0_c2_s30,0.0,2.0,30,0.9489795918367347
candidate_0081,TCGA-AR-A0TP_x43008_y20480_TL,2007600120,105,81,1,1,1,cfg00_g0_c2_s30,0.0,2.0,30,0.9540229885057472
candidate_0082,TCGA-A8-A0A1_x48128_y55296_BL,1945414355,106,7,3,0,0,cfg00_g0_c2_s30,0.0,2.0,30,0.734375
candidate_0083,TCGA-E9-A22H_x26624_y54272_TL,807947053,107,24,7,3,3,cfg00_g0_c2_s30,0.0,2.0,30,0.8125
candidate_0084,TCGA-E9-A1N9_x38912_y13312_TR,1039620398,108,11,11,4,4,cfg00_g0_c2_s30,0.0,2.0,30,0.7446808510638298
candidate_0085,TCGA-A7-A6VY_x93184_y13312_BR,1100566380,109,74,4,0,0,cfg00_g0_c2_s30,0.0,2.0,30,0.7575757575757576
candidate_0086,TCGA-A2-A0YM_x45056_y65536_TR,363795796,110,8,39,5,5,cfg00_g0_c2_s30,0.0,2.0,30,0.8467153284671532
candidate_0087,TCGA-AC-A3W6_x101376_y4096_BR,1023206894,112,8,1,0,0,cfg00_g0_c2_s30,0.0,2.0,30,0.8387096774193549
candidate_0088,TCGA-D8-A1XF_x51200_y46080_BR,1157985267,114,13,7,2,2,cfg00_g0_c2_s30,0.0,2.0,30,0.8775510204081632
candidate_0089,TCGA-A2-A3XY_x21504_y31744_TR,383446631,115,2,163,1,1,cfg00_g0_c2_s30,0.0,2.0,30,0.8050847457627118
candidate_0090,TCGA-C8-A1HK_x39936_y25600_BR,1150980779,116,18,15,2,2,cfg00_g0_c2_s30,0.0,2.0,30,0.7966101694915254
candidate_0091,TCGA-C8-A1HF_x27648_y66560_TR,1779721563,117,81,3,5,5,cfg00_g0_c2_s30,0.0,2.0,30,0.9052631578947368
candidate_0092,TCGA-E2-A15P_x40960_y44032_BR,687174564,118,20,3,6,6,cfg00_g0_c2_s30,0.0,2.0,30,0.75
candidate_0093,TCGA-AR-A2LL_x10240_y12288_TL,156373600,120,7,5,3,3,cfg00_g0_c2_s30,0.0,2.0,30,0.85
candidate_0094,TCGA-GM-A3XG_x49152_y47104_TR,777489290,121,110,3,2,2,cfg00_g0_c2_s30,0.0,2.0,30,0.9242424242424242
candidate_0095,TCGA-A8-A086_x43008_y77824_TR,1366063024,123,40,7,2,2,cfg00_g0_c2_s30,0.0,2.0,30,0.8076923076923077
candidate_0096,TCGA-EW-A2FR_x29696_y39936_BL,109205019,124,24,6,2,2,cfg00_g0_c2_s30,0.0,2.0,30,0.8918918918918919
candidate_0097,TCGA-BH-A18R_x12288_y31744_BL,1912408944,126,2,53,3,3,cfg00_g0_c2_s30,0.0,2.0,30,0.6751269035532995
candidate_0098,TCGA-BH-A0BC_x53248_y51200_TR,1024697661,128,2,1,5,5,cfg00_g0_c2_s30,0.0,2.0,30,0.5892857142857143
candidate_0099,TCGA-D8-A1Y3_x90112_y53248_BL,549326864,129,65,1,2,2,cfg00_g0_c2_s30,0.0,2.0,30,0.9041095890410958
candidate_0100,TCGA-AC-A62X_x37888_y24576_BL,2063867422,130,55,2,0,0,cfg00_g0_c2_s30,0.0,2.0,30,0.9649122807017544
candidate_0101,TCGA-B6-A0IJ_x49152_y20480_BL,939164692,133,61,4,7,7,cfg00_g0_c2_s30,0.0,2.0,30,0.4518072289156626
candidate_0102,TCGA-E9-A1RA_x43008_y33792_BR,1975505619,134,54,14,6,6,cfg00_g0_c2_s30,0.0,2.0,30,0.7
candidate_0103,TCGA-A8-A07S_x10240_y30720_BL,1147863252,137,58,1,4,4,cfg00_g0_c2_s30,0.0,2.0,30,0.8555555555555555
candidate_0104,TCGA-BH-A0BR_x64512_y44032_BR,1076231553,138,41,6,2,2,cfg00_g0_c2_s30,0.0,2.0,30,0.8933333333333333
candidate_0105,TCGA-E9-A22B_x23552_y54272_BR,565253867,139,34,2,7,7,cfg00_g0_c2_s30,0.0,2.0,30,0.7536231884057971
candidate_0106,TCGA-AO-A0JD_x44032_y11264_BR,871219402,140,19,35,6,6,cfg00_g0_c2_s30,0.0,2.0,30,0.8035714285714286
candidate_0107,TCGA-C8-A12Z_x56320_y47104_BL,802860913,141,63,1,0,0,cfg00_g0_c2_s30,0.0,2.0,30,0.7575757575757576
candidate_0108,TCGA-EW-A3U0_x113664_y43008_TL,1250225690,143,19,1,3,3,cfg00_g0_c2_s30,0.0,2.0,30,0.6
candidate_0109,TCGA-EW-A1P4_x68608_y43008_BL,2117313436,144,46,5,6,6,cfg00_g0_c2_s30,0.0,2.0,30,0.7252747252747253
candidate_0110,HCM-CSHL-0655-C50_x17408_y16384_TR,406200269,145,3,50,5,5,cfg00_g0_c2_s30,0.0,2.0,30,0.4221311475409836
candidate_0111,TCGA-BH-A0HF_x33792_y43008_TL,1016212555,146,82,2,3,3,cfg00_g0_c2_s30,0.0,2.0,30,0.9306930693069309
candidate_0112,TCGA-E2-A572_x71680_y27648_TL,1994269671,147,76,2,7,7,cfg00_g0_c2_s30,0.0,2.0,30,0.8979591836734694
candidate_0113,TCGA-A2-A04X_x66560_y49152_TL,2105622812,148,108,10,0,0,cfg00_g0_c2_s30,0.0,2.0,30,0.9236641221374046
candidate_0114,TCGA-BH-A5J0_x66560_y55296_BR,189410137,150,34,2,8,0,cfg01_gm1_c2_s30,-1.0,2.0,30,0.7818181818181819
candidate_0115,TCGA-BH-A0DI_x73728_y18432_TR,430780935,151,28,14,0,0,cfg00_g0_c2_s30,0.0,2.0,30,0.8131868131868132
candidate_0116,TCGA-AR-A24O_x6144_y39936_BL,164161953,152,7,32,15,7,cfg01_gm1_c2_s30,-1.0,2.0,30,0.7375
candidate_0117,TCGA-A2-A3KC_x37888_y66560_BR,2142341608,153,16,8,5,5,cfg00_g0_c2_s30,0.0,2.0,30,0.9166666666666666
candidate_0118,TCGA-AR-A24R_x81920_y15360_TL,1373098993,154,126,19,7,7,cfg00_g0_c2_s30,0.0,2.0,30,0.8407643312101911
candidate_0119,TCGA-A7-A26G_x27648_y16384_TR,1115037401,156,7,98,0,0,cfg00_g0_c2_s30,0.0,2.0,30,0.7741935483870968
candidate_0120,TCGA-A7-A4SD_x56320_y17408_TL,1444523811,157,97,1,12,4,cfg01_gm1_c2_s30,-1.0,2.0,30,0.822429906542056
candidate_0121,TCGA-E2-A2P5_x26624_y40960_TR,444456382,158,3,2,6,6,cfg00_g0_c2_s30,0.0,2.0,30,0.75
candidate_0122,TCGA-EW-A1PA_x45056_y15360_BL,1231252425,160,14,3,3,3,cfg00_g0_c2_s30,0.0,2.0,30,0.9253731343283582
candidate_0123,TCGA-A8-A099_x32768_y28672_TL,1856538929,162,53,4,7,7,cfg00_g0_c2_s30,0.0,2.0,30,0.8589743589743589
candidate_0124,TCGA-E2-A1IH_x36864_y24576_TL,520575071,163,5,6,1,1,cfg00_g0_c2_s30,0.0,2.0,30,0.6923076923076923
candidate_0125,TCGA-GM-A2DM_x31744_y29696_TL,1626423531,164,12,7,14,6,cfg01_gm1_c2_s30,-1.0,2.0,30,0.2337662337662337
candidate_0126,TCGA-AN-A0AJ_x151552_y46080_BL,985829802,165,123,153,6,6,cfg00_g0_c2_s30,0.0,2.0,30,0.7894736842105263
candidate_0127,TCGA-EW-A1OY_x105472_y50176_BL,183351270,167,41,10,7,7,cfg00_g0_c2_s30,0.0,2.0,30,0.7922077922077922
candidate_0128,TCGA-D8-A1XG_x70656_y33792_BL,2133968,168,20,5,6,6,cfg00_g0_c2_s30,0.0,2.0,30,0.75
candidate_0129,TCGA-AO-A1KR_x20480_y11264_TL,2053042743,169,87,31,0,0,cfg00_g0_c2_s30,0.0,2.0,30,0.8224852071005917
candidate_0130,TCGA-EW-A3E8_x66560_y22528_TL,767035552,170,2,4,2,2,cfg00_g0_c2_s30,0.0,2.0,30,0.9016393442622952
candidate_0131,TCGA-AO-A0JJ_x27648_y17408_BR,10307858,171,164,9,3,3,cfg00_g0_c2_s30,0.0,2.0,30,0.8611111111111112
candidate_0132,TCGA-BH-A0DT_x57344_y30720_TL,832271479,172,16,6,10,2,cfg01_gm1_c2_s30,-1.0,2.0,30,0.8902439024390244
candidate_0133,TCGA-D8-A27L_x48128_y27648_BL,306667164,175,2,7,3,3,cfg00_g0_c2_s30,0.0,2.0,30,0.8297872340425532
candidate_0134,TCGA-E9-A54X_x122880_y22528_TR,152032997,176,30,1,14,6,cfg01_gm1_c2_s30,-1.0,2.0,30,0.9444444444444444
candidate_0135,TCGA-A8-A08L_x55296_y27648_TR,1996828822,178,55,12,6,6,cfg00_g0_c2_s30,0.0,2.0,30,0.7888888888888889
candidate_0136,TCGA-AR-A254_x6144_y50176_TR,755312770,179,5,10,2,2,cfg00_g0_c2_s30,0.0,2.0,30,0.8952380952380953
candidate_0137,TCGA-AR-A0U1_x57344_y39936_BR,1565762836,180,40,1,0,0,cfg00_g0_c2_s30,0.0,2.0,30,0.9230769230769232
candidate_0138,TCGA-A2-A3XY_x82944_y51200_TR,1968868259,181,3,2,1,1,cfg00_g0_c2_s30,0.0,2.0,30,0.8205128205128205
candidate_0139,TCGA-BH-A18N_x60416_y35840_BR,1321140503,182,21,18,0,0,cfg00_g0_c2_s30,0.0,2.0,30,0.75
candidate_0140,TCGA-A2-A0CM_x33792_y37888_TR,1495075113,183,92,1,1,1,cfg00_g0_c2_s30,0.0,2.0,30,0.9247311827956988
candidate_0141,TCGA-GM-A3XL_x30720_y12288_BR,2021175499,185,50,6,1,1,cfg00_g0_c2_s30,0.0,2.0,30,0.7058823529411765
candidate_0142,TCGA-AR-A1AM_x89088_y27648_TR,1217197455,186,16,16,9,1,cfg01_gm1_c2_s30,-1.0,2.0,30,0.5510204081632653
candidate_0143,TCGA-AR-A0TQ_x27648_y22528_TR,768895327,188,3,9,5,5,cfg00_g0_c2_s30,0.0,2.0,30,0.8461538461538461
candidate_0144,TCGA-A1-A0SD_x46080_y38912_BL,63884318,189,10,2,0,0,cfg00_g0_c2_s30,0.0,2.0,30,0.9230769230769232
candidate_0145,TCGA-A7-A0D9_x100352_y25600_BL,1178485434,190,40,6,4,4,cfg00_g0_c2_s30,0.0,2.0,30,0.7657657657657657
candidate_0146,TCGA-AR-A1AK_x65536_y29696_TL,1253699189,192,62,91,4,4,cfg00_g0_c2_s30,0.0,2.0,30,0.6595744680851063
candidate_0147,TCGA-A2-A4S3_x48128_y43008_TR,520656601,193,10,6,5,5,cfg00_g0_c2_s30,0.0,2.0,30,0.75
candidate_0148,TCGA-A2-A0EP_x83968_y55296_BR,553353817,194,18,8,13,5,cfg01_gm1_c2_s30,-1.0,2.0,30,0.7846153846153846
candidate_0149,TCGA-BH-A0RX_x43008_y13312_BR,681358286,195,3,180,9,1,cfg01_gm1_c2_s30,-1.0,2.0,30,0.9154228855721394
candidate_0150,TCGA-A7-A0CJ_x67584_y9216_TR,356578961,196,15,2,4,4,cfg00_g0_c2_s30,0.0,2.0,30,0.7619047619047619
candidate_0151,TCGA-E9-A295_x30720_y44032_TL,1746844328,197,16,1,2,2,cfg00_g0_c2_s30,0.0,2.0,30,0.7358490566037735
candidate_0152,TCGA-AR-A24L_x67584_y14336_BL,503975024,198,30,1,10,2,cfg01_gm1_c2_s30,-1.0,2.0,30,0.7397260273972602
candidate_0153,TCGA-E2-A1LL_x61440_y15360_TL,1625177065,200,40,2,1,1,cfg00_g0_c2_s30,0.0,2.0,30,0.9545454545454546
candidate_0154,TCGA-AQ-A04J_x125952_y16384_TL,897495380,201,10,41,0,0,cfg00_g0_c2_s30,0.0,2.0,30,0.8617021276595744
candidate_0155,TCGA-A8-A09I_x33792_y32768_BR,388997163,203,43,3,12,4,cfg01_gm1_c2_s30,-1.0,2.0,30,0.8490566037735849
candidate_0156,TCGA-MS-A51U_x12288_y21504_BL,607481550,204,3,6,0,0,cfg00_g0_c2_s30,0.0,2.0,30,0.76
candidate_0157,TCGA-OL-A5RY_x77824_y8192_BR,1069759351,205,10,5,1,1,cfg00_g0_c2_s30,0.0,2.0,30,0.7948717948717948
candidate_0158,TCGA-E2-A1BD_x8192_y43008_BL,716286064,206,26,2,7,7,cfg00_g0_c2_s30,0.0,2.0,30,0.8076923076923077
candidate_0159,TCGA-AR-A24V_x39936_y15360_BL,265830429,207,79,1,0,0,cfg00_g0_c2_s30,0.0,2.0,30,0.9555555555555556
candidate_0160,TCGA-E2-A1IE_x66560_y35840_TL,1833709135,208,51,1,8,0,cfg01_gm1_c2_s30,-1.0,2.0,30,0.7272727272727273
candidate_0161,TCGA-D8-A1JB_x87040_y27648_BR,34108669,209,10,8,6,6,cfg00_g0_c2_s30,0.0,2.0,30,0.78125
candidate_0162,TCGA-AO-A0J3_x10240_y25600_TL,2016273933,210,288,63,1,1,cfg00_g0_c2_s30,0.0,2.0,30,0.7878787878787878
candidate_0163,TCGA-A8-A06Y_x21504_y10240_TL,1280033335,212,6,2,6,6,cfg00_g0_c2_s30,0.0,2.0,30,0.7142857142857143
candidate_0164,TCGA-D8-A1XY_x66560_y20480_BR,1302747587,213,11,1,5,5,cfg00_g0_c2_s30,0.0,2.0,30,0.575
candidate_0165,TCGA-BH-A1FN_x62464_y16384_TL,632163658,214,54,5,6,6,cfg00_g0_c2_s30,0.0,2.0,30,0.9519230769230768
candidate_0166,TCGA-E2-A15O_x103424_y35840_TL,1154242967,217,71,3,12,4,cfg01_gm1_c2_s30,-1.0,2.0,30,0.9069767441860463
candidate_0167,TCGA-D8-A145_x24576_y37888_TR,1595915972,221,17,3,1,1,cfg00_g0_c2_s30,0.0,2.0,30,0.5806451612903226
candidate_0168,TCGA-BH-A18P_x61440_y59392_TL,1584785422,222,10,1,12,4,cfg01_gm1_c2_s30,-1.0,2.0,30,0.72
candidate_0169,TCGA-AR-A255_x20480_y50176_TL,607265054,224,5,1,7,7,cfg00_g0_c2_s30,0.0,2.0,30,0.8157894736842105
candidate_0170,TCGA-AO-A0J4_x27648_y21504_BR,1803353969,225,73,3,0,0,cfg00_g0_c2_s30,0.0,2.0,30,0.9285714285714286
candidate_0171,TCGA-AO-A0J2_x20480_y27648_TR,677875888,226,13,12,0,0,cfg00_g0_c2_s30,0.0,2.0,30,0.890625
candidate_0172,TCGA-EW-A1PH_x129024_y38912_BR,980899558,227,18,1,8,0,cfg01_gm1_c2_s30,-1.0,2.0,30,0.725
candidate_0173,TCGA-E2-A10A_x79872_y45056_TL,1229624147,228,85,1,3,3,cfg00_g0_c2_s30,0.0,2.0,30,0.9320388349514565
candidate_0174,TCGA-A8-A0A9_x11264_y9216_TL,1021651940,229,43,6,3,3,cfg00_g0_c2_s30,0.0,2.0,30,0.8382352941176471
candidate_0175,TCGA-D8-A1XF_x26624_y22528_BL,1248618917,230,28,3,4,4,cfg00_g0_c2_s30,0.0,2.0,30,0.7352941176470589
candidate_0176,TCGA-AN-A0XV_x22528_y36864_BL,1034553920,231,28,2,2,2,cfg00_g0_c2_s30,0.0,2.0,30,0.8166666666666667
candidate_0177,TCGA-B6-A0X1_x35840_y23552_BR,649869192,232,68,6,10,2,cfg01_gm1_c2_s30,-1.0,2.0,30,0.8130841121495327
candidate_0178,TCGA-E2-A15D_x44032_y58368_BR,2043890611,233,42,13,0,0,cfg00_g0_c2_s30,0.0,2.0,30,0.8961038961038961
candidate_0179,TCGA-AR-A2LE_x31744_y27648_BR,1409635069,234,34,1,1,1,cfg00_g0_c2_s30,0.0,2.0,30,0.74
candidate_0180,TCGA-A7-A13G_x70656_y7168_TL,895843669,235,22,8,13,5,cfg01_gm1_c2_s30,-1.0,2.0,30,0.8289473684210527
candidate_0181,TCGA-D8-A3Z5_x96256_y54272_TL,537460057,236,14,1,9,1,cfg01_gm1_c2_s30,-1.0,2.0,30,0.6767676767676768
candidate_0182,TCGA-GM-A2DM_x70656_y56320_TL,544937964,237,4,10,0,0,cfg00_g0_c2_s30,0.0,2.0,30,0.5074626865671642
candidate_0183,TCGA-A2-A1FZ_x41984_y28672_BR,583109973,239,80,3,5,5,cfg00_g0_c2_s30,0.0,2.0,30,0.7685185185185185
candidate_0184,TCGA-EW-A423_x88064_y38912_BR,1001297286,240,106,6,2,2,cfg00_g0_c2_s30,0.0,2.0,30,0.9421487603305784
candidate_0185,TCGA-A8-A06R_x30720_y22528_TR,324251600,242,40,4,8,0,cfg01_gm1_c2_s30,-1.0,2.0,30,0.8518518518518519
candidate_0186,TCGA-AR-A1AY_x53248_y30720_TL,836660993,243,106,3,1,1,cfg00_g0_c2_s30,0.0,2.0,30,0.781021897810219
candidate_0187,TCGA-AN-A0AL_x38912_y49152_BL,1522632309,244,84,4,2,2,cfg00_g0_c2_s30,0.0,2.0,30,0.8557692307692307
candidate_0188,TCGA-D8-A1JB_x17408_y26624_TL,881409542,245,61,22,3,3,cfg00_g0_c2_s30,0.0,2.0,30,0.7372881355932204
candidate_0189,TCGA-E2-A1LS_x39936_y36864_BL,507323213,246,2,7,14,6,cfg01_gm1_c2_s30,-1.0,2.0,30,0.6944444444444444
candidate_0190,TCGA-E2-A1LB_x36864_y55296_BR,1068883374,247,3,2,0,0,cfg00_g0_c2_s30,0.0,2.0,30,0.7083333333333334
candidate_0191,TCGA-AQ-A04H_x125952_y22528_TR,1523901146,248,104,3,7,7,cfg00_g0_c2_s30,0.0,2.0,30,0.9217391304347826
candidate_0192,TCGA-D8-A140_x56320_y21504_TL,1612825842,249,54,8,7,7,cfg00_g0_c2_s30,0.0,2.0,30,0.7204301075268817
candidate_0193,TCGA-AN-A04D_x9216_y29696_BL,1043095613,251,11,20,1,1,cfg00_g0_c2_s30,0.0,2.0,30,0.7232142857142857
candidate_0194,TCGA-C8-A135_x59392_y74752_TL,1475096043,252,25,47,4,4,cfg00_g0_c2_s30,0.0,2.0,30,0.797752808988764
candidate_0195,TCGA-3C-AAAU_x20480_y20480_TR,1105053748,253,33,2,9,1,cfg01_gm1_c2_s30,-1.0,2.0,30,0.7536231884057971
candidate_0196,TCGA-C8-A26X_x8192_y32768_BL,1128871126,254,44,10,2,2,cfg00_g0_c2_s30,0.0,2.0,30,0.6987951807228916
candidate_0197,TCGA-B6-A0IN_x67584_y31744_BR,1652292078,255,8,5,7,7,cfg00_g0_c2_s30,0.0,2.0,30,0.7209302325581395
candidate_0198,TCGA-BH-A0AV_x54272_y21504_BR,1875236146,257,61,12,0,0,cfg00_g0_c2_s30,0.0,2.0,30,0.8807339449541285
candidate_0199,TCGA-D8-A1XG_x63488_y47104_BL,961683429,258,32,10,4,4,cfg00_g0_c2_s30,0.0,2.0,30,0.9191919191919192
candidate_0200,TCGA-JL-A3YW_x102400_y18432_BR,1360585860,259,6,1,7,7,cfg00_g0_c2_s30,0.0,2.0,30,0.717948717948718
candidate_0201,TCGA-AO-A03V_x83968_y17408_BR,1159309385,262,13,1,14,6,cfg01_gm1_c2_s30,-1.0,2.0,30,0.6976744186046512
candidate_0202,TCGA-AQ-A54N_x55296_y18432_TR,632150484,264,30,7,1,1,cfg00_g0_c2_s30,0.0,2.0,30,0.8333333333333334
candidate_0203,TCGA-A2-A3KD_x19456_y20480_TR,2131577205,265,5,2,0,0,cfg00_g0_c2_s30,0.0,2.0,30,0.8571428571428571
candidate_0204,TCGA-OL-A66P_x33792_y27648_BL,833249384,266,24,7,13,5,cfg01_gm1_c2_s30,-1.0,2.0,30,0.7906976744186046
candidate_0205,TCGA-EW-A6SB_x29696_y48128_TL,1944184895,267,88,19,15,7,cfg01_gm1_c2_s30,-1.0,2.0,30,0.8715596330275229
candidate_0206,TCGA-A2-A3XU_x57344_y25600_TL,1356707131,268,15,12,1,1,cfg00_g0_c2_s30,0.0,2.0,30,0.6233766233766234
candidate_0207,TCGA-BH-A0E0_x65536_y55296_BR,2009637028,269,11,2,6,6,cfg00_g0_c2_s30,0.0,2.0,30,0.7843137254901961
candidate_0208,TCGA-S3-A6ZF_x14336_y47104_BL,1561890548,272,12,2,1,1,cfg00_g0_c2_s30,0.0,2.0,30,0.7142857142857143
candidate_0209,TCGA-A2-A25D_x56320_y73728_TR,1856834639,277,56,2,2,2,cfg00_g0_c2_s30,0.0,2.0,30,0.9166666666666666
candidate_0210,TCGA-E9-A22B_x33792_y50176_TR,1435577488,278,36,1,6,6,cfg00_g0_c2_s30,0.0,2.0,30,0.8181818181818182
candidate_0211,TCGA-A7-A26J_x106496_y17408_TR,1240904051,279,40,6,2,2,cfg00_g0_c2_s30,0.0,2.0,30,0.7738095238095238
candidate_0212,TCGA-AO-A03N_x10240_y18432_TL,2107662703,280,23,22,3,3,cfg00_g0_c2_s30,0.0,2.0,30,0.8983739837398373
candidate_0213,TCGA-A7-A0CD_x71680_y18432_TL,1053737357,281,38,12,1,1,cfg00_g0_c2_s30,0.0,2.0,30,0.76
candidate_0214,TCGA-A7-A0CD_x120832_y14336_BL,103886942,282,40,13,4,4,cfg00_g0_c2_s30,0.0,2.0,30,0.8723404255319149
candidate_0215,TCGA-AR-A1AV_x60416_y27648_TR,1741667023,283,62,1,4,4,cfg00_g0_c2_s30,0.0,2.0,30,0.7857142857142857
candidate_0216,TCGA-D8-A147_x40960_y11264_TR,383099407,284,41,3,1,1,cfg00_g0_c2_s30,0.0,2.0,30,0.7
candidate_0217,TCGA-A8-A08J_x72704_y66560_TL,1184422770,285,11,12,1,1,cfg00_g0_c2_s30,0.0,2.0,30,0.7272727272727273
candidate_0218,TCGA-LL-A8F5_x80896_y12288_BR,694240316,286,39,4,3,3,cfg00_g0_c2_s30,0.0,2.0,30,0.9777777777777776
candidate_0219,TCGA-AR-A250_x70656_y50176_TL,1279157999,287,63,6,0,0,cfg00_g0_c2_s30,0.0,2.0,30,0.7572815533980582
candidate_0220,TCGA-OL-A66P_x15360_y13312_BL,1666436997,288,36,2,8,0,cfg01_gm1_c2_s30,-1.0,2.0,30,0.8536585365853658
candidate_0221,TCGA-A2-A0T4_x61440_y37888_TR,136969755,290,29,1,5,5,cfg00_g0_c2_s30,0.0,2.0,30,0.8135593220338984
candidate_0222,TCGA-PL-A8LZ_x18432_y12288_TR,1330782422,293,77,3,13,5,cfg01_gm1_c2_s30,-1.0,2.0,30,0.9390243902439024
candidate_0223,TCGA-LL-A6FR_x58368_y39936_TL,988282964,294,90,3,14,6,cfg01_gm1_c2_s30,-1.0,2.0,30,0.8260869565217391
candidate_0224,TCGA-EW-A1J1_x23552_y61440_BL,1719779831,295,88,3,6,6,cfg00_g0_c2_s30,0.0,2.0,30,0.9361702127659576
candidate_0225,TCGA-BH-A0E6_x60416_y30720_BR,69567986,296,21,3,1,1,cfg00_g0_c2_s30,0.0,2.0,30,0.717391304347826
candidate_0226,TCGA-B6-A0IC_x104448_y30720_BR,133142632,297,32,4,0,0,cfg00_g0_c2_s30,0.0,2.0,30,0.6333333333333333
candidate_0227,TCGA-AO-A126_x37888_y23552_TL,1025599119,298,285,2,1,1,cfg00_g0_c2_s30,0.0,2.0,30,0.946843853820598
candidate_0228,TCGA-BH-A0E1_x44032_y15360_BR,698570125,299,53,4,0,0,cfg00_g0_c2_s30,0.0,2.0,30,0.8068181818181818
candidate_0229,TCGA-AR-A24N_x103424_y58368_TR,1724867674,300,33,14,1,1,cfg00_g0_c2_s30,0.0,2.0,30,0.8411214953271028
candidate_0230,TCGA-B6-A0IO_x13312_y17408_BR,1694581384,301,15,3,14,6,cfg01_gm1_c2_s30,-1.0,2.0,30,0.76
candidate_0231,TCGA-BH-A0BT_x51200_y6144_BL,1793855591,304,28,3,12,4,cfg01_gm1_c2_s30,-1.0,2.0,30,0.8648648648648649
candidate_0232,TCGA-E2-A150_x29696_y48128_BL,330630680,305,3,2,4,4,cfg00_g0_c2_s30,0.0,2.0,30,0.8
candidate_0233,TCGA-BH-A0E6_x49152_y58368_BL,292649824,306,24,3,12,4,cfg01_gm1_c2_s30,-1.0,2.0,30,0.75
candidate_0234,TCGA-A7-A0DA_x74752_y10240_TL,861898376,307,35,9,5,5,cfg00_g0_c2_s30,0.0,2.0,30,0.8947368421052632
candidate_0235,TCGA-A1-A0SH_x75776_y33792_BR,527559555,308,29,1,3,3,cfg00_g0_c2_s30,0.0,2.0,30,0.8048780487804879
candidate_0236,TCGA-E2-A154_x96256_y35840_TR,1116764383,309,45,2,4,4,cfg00_g0_c2_s30,0.0,2.0,30,0.75
candidate_0237,TCGA-LL-A5YN_x63488_y18432_BL,1419801373,310,19,29,12,4,cfg01_gm1_c2_s30,-1.0,2.0,30,0.8970588235294118
candidate_0238,TCGA-A8-A079_x11264_y53248_TL,1164171976,311,64,2,3,3,cfg00_g0_c2_s30,0.0,2.0,30,0.88
candidate_0239,TCGA-AO-A1KT_x14336_y20480_TL,126218487,314,7,11,5,5,cfg00_g0_c2_s30,0.0,2.0,30,0.8717948717948718
candidate_0240,TCGA-E9-A228_x66560_y24576_BL,466930652,315,55,2,6,6,cfg00_g0_c2_s30,0.0,2.0,30,0.8157894736842105
candidate_0241,TCGA-A7-A0CE_x113664_y7168_BL,1256856431,318,11,13,0,0,cfg00_g0_c2_s30,0.0,2.0,30,0.8676470588235294
candidate_0242,TCGA-AR-A24X_x34816_y30720_TR,1735382929,319,83,3,3,3,cfg00_g0_c2_s30,0.0,2.0,30,0.8018867924528302
candidate_0243,TCGA-C8-A12P_x51200_y9216_TL,954166659,320,47,4,7,7,cfg00_g0_c2_s30,0.0,2.0,30,0.9508196721311476
candidate_0244,TCGA-BH-A0AU_x50176_y19456_TL,1891853379,321,15,7,1,1,cfg00_g0_c2_s30,0.0,2.0,30,0.6875
candidate_0245,TCGA-AC-A62X_x21504_y36864_TR,2012368229,322,41,4,13,5,cfg01_gm1_c2_s30,-1.0,2.0,30,0.7868852459016393
candidate_0246,TCGA-D8-A27L_x49152_y22528_TL,1794961912,323,10,4,5,5,cfg00_g0_c2_s30,0.0,2.0,30,0.8191489361702128
candidate_0247,TCGA-EW-A6SD_x55296_y17408_TL,1577930594,324,53,113,6,6,cfg00_g0_c2_s30,0.0,2.0,30,0.8615384615384616
candidate_0248,TCGA-BH-A0C0_x30720_y14336_BR,664979160,325,61,34,7,7,cfg00_g0_c2_s30,0.0,2.0,30,0.7288135593220338
candidate_0249,TCGA-EW-A1P1_x34816_y43008_BR,493764210,326,117,1,11,3,cfg01_gm1_c2_s30,-1.0,2.0,30,0.8169014084507042
candidate_0250,TCGA-A1-A0SF_x19456_y30720_TR,1782804245,327,15,4,5,5,cfg00_g0_c2_s30,0.0,2.0,30,0.7931034482758621
candidate_0251,TCGA-GM-A3XN_x92160_y57344_TR,694407918,328,2,1,7,7,cfg00_g0_c2_s30,0.0,2.0,30,0.9090909090909092
candidate_0252,TCGA-BH-A0BT_x20480_y16384_TL,275034208,329,82,2,9,1,cfg01_gm1_c2_s30,-1.0,2.0,30,0.9230769230769232
candidate_0253,TCGA-A8-A09Q_x19456_y33792_TR,1907846533,331,29,11,7,7,cfg00_g0_c2_s30,0.0,2.0,30,0.7868852459016393
candidate_0254,TCGA-A8-A08A_x71680_y30720_TR,372561045,333,46,3,1,1,cfg00_g0_c2_s30,0.0,2.0,30,0.8055555555555556
candidate_0255,TCGA-A8-A07S_x22528_y15360_BR,130282093,334,50,3,6,6,cfg00_g0_c2_s30,0.0,2.0,30,0.8928571428571429
candidate_0256,TCGA-AC-A5XS_x10240_y13312_BR,1990403813,335,61,1,7,7,cfg00_g0_c2_s30,0.0,2.0,30,0.8441558441558441
candidate_0257,TCGA-B6-A0RS_x79872_y30720_TR,632737533,336,28,6,10,2,cfg01_gm1_c2_s30,-1.0,2.0,30,0.5294117647058824
candidate_0258,TCGA-B6-A1KI_x77824_y72704_TR,485826139,337,11,1,7,7,cfg00_g0_c2_s30,0.0,2.0,30,0.5
candidate_0259,TCGA-AO-A1KP_x21504_y5120_TR,307234659,338,332,12,1,1,cfg00_g0_c2_s30,0.0,2.0,30,0.9417989417989416
candidate_0260,TCGA-BH-A18V_x66560_y53248_BR,868312928,339,52,1,15,7,cfg01_gm1_c2_s30,-1.0,2.0,30,0.7710843373493976
candidate_0261,TCGA-AO-A125_x36864_y17408_BL,166535047,340,474,5,3,3,cfg00_g0_c2_s30,0.0,2.0,30,0.9098196392785572
candidate_0262,TCGA-B6-A0IM_x104448_y13312_TL,2082392405,341,55,1,1,1,cfg00_g0_c2_s30,0.0,2.0,30,0.8048780487804879
candidate_0263,TCGA-E2-A572_x70656_y29696_BR,256895993,343,18,6,0,0,cfg00_g0_c2_s30,0.0,2.0,30,0.71875
candidate_0264,TCGA-A2-A1FZ_x70656_y32768_TL,1719216390,345,57,1,7,7,cfg00_g0_c2_s30,0.0,2.0,30,0.7708333333333334
candidate_0265,TCGA-A8-A06P_x86016_y24576_BL,1598130726,346,3,2,1,1,cfg00_g0_c2_s30,0.0,2.0,30,0.559322033898305
candidate_0266,TCGA-A2-A0YH_x19456_y11264_BL,617144640,348,9,18,3,3,cfg00_g0_c2_s30,0.0,2.0,30,0.9178082191780822
candidate_0267,TCGA-BH-A18F_x68608_y47104_TR,1352127049,350,7,9,3,3,cfg00_g0_c2_s30,0.0,2.0,30,0.8571428571428571
candidate_0268,TCGA-A8-A09E_x15360_y15360_TR,1129679322,351,8,5,6,6,cfg00_g0_c2_s30,0.0,2.0,30,0.8085106382978723
candidate_0269,TCGA-B6-A0IG_x49152_y38912_BL,550075807,352,36,6,8,0,cfg01_gm1_c2_s30,-1.0,2.0,30,0.8076923076923077
candidate_0270,TCGA-GM-A2DO_x44032_y13312_BR,1140180484,355,98,1,6,6,cfg00_g0_c2_s30,0.0,2.0,30,0.9705882352941176
candidate_0271,TCGA-LL-A50Y_x69632_y67584_BL,1206279502,357,4,8,13,5,cfg01_gm1_c2_s30,-1.0,2.0,30,0.8
candidate_0272,TCGA-A1-A0SI_x55296_y33792_TR,2104093116,358,38,4,8,0,cfg01_gm1_c2_s30,-1.0,2.0,30,0.7654320987654321
candidate_0273,TCGA-A7-A13G_x6144_y15360_TR,2059839270,359,5,9,0,0,cfg00_g0_c2_s30,0.0,2.0,30,0.8723404255319149
candidate_0274,TCGA-AC-A2QJ_x36864_y32768_TR,1101384881,360,8,1,2,2,cfg00_g0_c2_s30,0.0,2.0,30,0.8461538461538461
candidate_0275,TCGA-GM-A2DB_x15360_y41984_BR,1063754322,361,10,39,0,0,cfg00_g0_c2_s30,0.0,2.0,30,0.7295081967213115
candidate_0276,TCGA-A2-A0SU_x69632_y39936_TL,1429031416,362,52,1,15,7,cfg01_gm1_c2_s30,-1.0,2.0,30,0.7721518987341772
candidate_0277,TCGA-C8-A12O_x34816_y13312_BL,1905801610,363,8,2,6,6,cfg00_g0_c2_s30,0.0,2.0,30,0.5813953488372093
candidate_0278,TCGA-PL-A8LV_x20480_y9216_BL,211347697,364,52,2,7,7,cfg00_g0_c2_s30,0.0,2.0,30,0.9629629629629628
candidate_0279,TCGA-GM-A3NY_x69632_y56320_BL,326924368,365,61,1,6,6,cfg00_g0_c2_s30,0.0,2.0,30,0.984375
candidate_0280,TCGA-A8-A099_x10240_y18432_BR,2124609391,368,61,2,12,4,cfg01_gm1_c2_s30,-1.0,2.0,30,0.8656716417910447
candidate_0281,TCGA-A2-A0YC_x87040_y44032_TR,130587711,369,13,2,8,0,cfg01_gm1_c2_s30,-1.0,2.0,30,0.8571428571428571
candidate_0282,TCGA-BH-A0DK_x73728_y53248_BR,731690972,370,72,5,0,0,cfg00_g0_c2_s30,0.0,2.0,30,0.8875
candidate_0283,TCGA-BH-A8FY_x94208_y9216_BL,584811789,371,122,4,12,4,cfg01_gm1_c2_s30,-1.0,2.0,30,0.9682539682539684
candidate_0284,TCGA-AO-A1KO_x37888_y20480_BL,1220640294,374,29,12,7,7,cfg00_g0_c2_s30,0.0,2.0,30,0.7835820895522388
candidate_0285,TCGA-BH-A1FN_x23552_y21504_BR,1187799214,377,79,3,3,3,cfg00_g0_c2_s30,0.0,2.0,30,0.9761904761904762
candidate_0286,TCGA-LL-A441_x60416_y45056_TR,110495361,378,58,1,2,2,cfg00_g0_c2_s30,0.0,2.0,30,0.8333333333333334
candidate_0287,TCGA-D8-A1JB_x17408_y26624_BL,243454031,379,49,17,2,2,cfg00_g0_c2_s30,0.0,2.0,30,0.7457627118644068
candidate_0288,TCGA-AC-A3YJ_x33792_y18432_TR,590000981,380,108,1,8,0,cfg01_gm1_c2_s30,-1.0,2.0,30,0.889763779527559
candidate_0289,TCGA-AR-A1AY_x67584_y12288_BR,808565180,381,49,13,7,7,cfg00_g0_c2_s30,0.0,2.0,30,0.865546218487395
candidate_0290,TCGA-AN-A0FZ_x87040_y13312_BL,207108501,383,12,9,13,5,cfg01_gm1_c2_s30,-1.0,2.0,30,0.8507462686567164
candidate_0291,TCGA-A2-A0CW_x32768_y20480_TL,904058708,385,8,5,7,7,cfg00_g0_c2_s30,0.0,2.0,30,0.782608695652174
candidate_0292,TCGA-BH-A0W7_x81920_y54272_BR,1667863551,387,112,8,4,4,cfg00_g0_c2_s30,0.0,2.0,30,0.8444444444444444
candidate_0293,TCGA-D8-A1JI_x44032_y45056_TL,72517244,388,53,10,7,7,cfg00_g0_c2_s30,0.0,2.0,30,0.7747747747747747
candidate_0294,TCGA-AR-A254_x70656_y8192_TR,2085607569,389,35,20,7,7,cfg00_g0_c2_s30,0.0,2.0,30,0.8867924528301887
candidate_0295,TCGA-B6-A0IQ_x37888_y17408_TR,532003992,390,96,2,11,3,cfg01_gm1_c2_s30,-1.0,2.0,30,0.9509803921568628
candidate_0296,TCGA-AC-A6IX_x26624_y26624_BL,1124545616,391,52,4,8,0,cfg01_gm1_c2_s30,-1.0,2.0,30,0.7866666666666666
candidate_0297,TCGA-A8-A07W_x30720_y77824_BR,1935109855,392,68,27,1,1,cfg00_g0_c2_s30,0.0,2.0,30,0.7217391304347827
candidate_0298,TCGA-C8-A1HG_x22528_y66560_BR,739623853,393,50,6,7,7,cfg00_g0_c2_s30,0.0,2.0,30,0.8648648648648649
candidate_0299,TCGA-A2-A0T2_x31744_y55296_TL,1154924963,394,52,6,0,0,cfg00_g0_c2_s30,0.0,2.0,30,0.84375
candidate_0300,TCGA-E2-A1B1_x17408_y34816_BL,844213943,395,2,1,0,0,cfg00_g0_c2_s30,0.0,2.0,30,0.8888888888888888
candidate_0301,TCGA-AR-A0TV_x43008_y44032_BL,1924437027,396,3,54,0,0,cfg00_g0_c2_s30,0.0,2.0,30,0.7850467289719626
candidate_0302,TCGA-AO-A0JE_x23552_y25600_BL,437867589,397,10,15,2,2,cfg00_g0_c2_s30,0.0,2.0,30,0.8761061946902655
candidate_0303,TCGA-BH-A0DE_x10240_y53248_TL,764227474,400,134,1,3,3,cfg00_g0_c2_s30,0.0,2.0,30,0.981012658227848
candidate_0304,TCGA-AR-A1AI_x31744_y52224_BL,1157308802,401,55,59,6,6,cfg00_g0_c2_s30,0.0,2.0,30,0.8382352941176471
candidate_0305,TCGA-AR-A0TW_x48128_y14336_TR,763944567,402,48,12,6,6,cfg00_g0_c2_s30,0.0,2.0,30,0.8192771084337349
candidate_0306,TCGA-A2-A0CT_x26624_y29696_TL,2007664485,403,12,3,7,7,cfg00_g0_c2_s30,0.0,2.0,30,0.6363636363636364
candidate_0307,TCGA-AO-A0J6_x44032_y33792_BR,1448683271,404,261,5,2,2,cfg00_g0_c2_s30,0.0,2.0,30,0.9407407407407408
candidate_0308,TCGA-C8-A8HR_x29696_y14336_BR,1723139965,405,31,3,4,4,cfg00_g0_c2_s30,0.0,2.0,30,0.6612903225806451
candidate_0309,TCGA-BH-A0HU_x58368_y54272_TL,1179579410,406,78,7,4,4,cfg00_g0_c2_s30,0.0,2.0,30,0.8333333333333334
candidate_0310,TCGA-B6-A0X1_x44032_y75776_BR,468346928,407,17,32,4,4,cfg00_g0_c2_s30,0.0,2.0,30,0.7596899224806202
candidate_0311,TCGA-A7-A0CE_x81920_y25600_TL,441424960,408,2,4,7,7,cfg00_g0_c2_s30,0.0,2.0,30,0.9666666666666668
candidate_0312,TCGA-BH-A1FE_x49152_y18432_TR,770471680,410,12,2,6,6,cfg00_g0_c2_s30,0.0,2.0,30,0.7714285714285715
candidate_0313,TCGA-E9-A22H_x17408_y40960_TR,719270049,411,62,8,7,7,cfg00_g0_c2_s30,0.0,2.0,30,0.7894736842105263
candidate_0314,TCGA-D8-A13Y_x25600_y35840_BR,1916827949,412,59,6,0,0,cfg00_g0_c2_s30,0.0,2.0,30,0.7857142857142857
candidate_0315,TCGA-EW-A1PH_x125952_y35840_BL,1506191581,413,15,1,3,3,cfg00_g0_c2_s30,0.0,2.0,30,0.8928571428571429
candidate_0316,TCGA-BH-A0W3_x74752_y68608_TL,1021466810,414,106,10,2,2,cfg00_g0_c2_s30,0.0,2.0,30,0.8661971830985915
candidate_0317,TCGA-A2-A0D2_x10240_y13312_BR,1001007814,415,46,7,2,2,cfg00_g0_c2_s30,0.0,2.0,30,0.8765432098765432
candidate_0318,TCGA-A8-A08A_x68608_y14336_TL,526543610,416,48,3,6,6,cfg00_g0_c2_s30,0.0,2.0,30,0.7808219178082192
candidate_0319,TCGA-B6-A0IE_x28672_y56320_BR,1192160171,417,27,6,0,0,cfg00_g0_c2_s30,0.0,2.0,30,0.8017241379310345
candidate_0320,TCGA-AN-A0XL_x45056_y14336_TR,1016543940,418,64,3,4,4,cfg00_g0_c2_s30,0.0,2.0,30,0.75
candidate_0321,TCGA-OL-A6VQ_x62464_y43008_TR,1681692462,419,70,1,0,0,cfg00_g0_c2_s30,0.0,2.0,30,0.898876404494382
candidate_0322,TCGA-A2-A0T1_x29696_y58368_BR,1369124160,421,8,1,3,3,cfg00_g0_c2_s30,0.0,2.0,30,0.7692307692307693
candidate_0323,TCGA-D8-A1Y3_x53248_y21504_TL,1678683786,423,62,1,1,1,cfg00_g0_c2_s30,0.0,2.0,30,0.953125
candidate_0324,TCGA-BH-A1EW_x60416_y26624_BR,1500187670,424,4,1,2,2,cfg00_g0_c2_s30,0.0,2.0,30,0.875
candidate_0325,TCGA-BH-A0E0_x66560_y36864_TL,487533300,425,47,3,0,0,cfg00_g0_c2_s30,0.0,2.0,30,0.7868852459016393
candidate_0326,TCGA-A8-A08B_x16384_y64512_BR,247794404,428,57,26,6,6,cfg00_g0_c2_s30,0.0,2.0,30,0.7482517482517482
candidate_0327,TCGA-C8-A1HL_x14336_y46080_TL,1815149381,429,52,1,14,6,cfg01_gm1_c2_s30,-1.0,2.0,30,0.9027777777777778
candidate_0328,TCGA-OL-A5RZ_x77824_y7168_BR,2127248233,430,4,3,6,6,cfg00_g0_c2_s30,0.0,2.0,30,0.543859649122807
candidate_0329,TCGA-AO-A0J2_x104448_y24576_TR,2069591433,431,61,23,5,5,cfg00_g0_c2_s30,0.0,2.0,30,0.6165413533834586
candidate_0330,TCGA-AR-A5QP_x71680_y47104_BL,1854122667,432,68,1,13,5,cfg01_gm1_c2_s30,-1.0,2.0,30,0.9452054794520548
candidate_0331,TCGA-A2-A0YH_x34816_y17408_BR,1656600351,433,56,1,5,5,cfg00_g0_c2_s30,0.0,2.0,30,0.9827586206896552
candidate_0332,TCGA-D8-A27G_x57344_y38912_TL,368371942,434,25,1,7,7,cfg00_g0_c2_s30,0.0,2.0,30,0.8285714285714286
candidate_0333,TCGA-E9-A5UO_x58368_y40960_TR,1682053265,436,65,4,15,7,cfg01_gm1_c2_s30,-1.0,2.0,30,0.8043478260869565
candidate_0334,TCGA-EW-A2FV_x65536_y60416_TL,1556751722,437,41,3,6,6,cfg00_g0_c2_s30,0.0,2.0,30,0.704225352112676
candidate_0335,TCGA-AO-A0JB_x38912_y17408_BR,1882442049,438,29,8,13,5,cfg01_gm1_c2_s30,-1.0,2.0,30,0.7830188679245284
candidate_0336,TCGA-BH-A8FY_x25600_y11264_BL,1854320476,439,103,8,1,1,cfg00_g0_c2_s30,0.0,2.0,30,0.9217391304347826
candidate_0337,TCGA-D8-A1XZ_x136192_y23552_BR,1919006995,440,16,26,0,0,cfg00_g0_c2_s30,0.0,2.0,30,0.7522123893805309
candidate_0338,TCGA-A7-A0CH_x25600_y8192_BL,1682913830,441,14,4,1,1,cfg00_g0_c2_s30,0.0,2.0,30,0.8833333333333333
candidate_0339,TCGA-BH-A0RX_x33792_y29696_BR,19086591,442,22,1,14,6,cfg01_gm1_c2_s30,-1.0,2.0,30,0.68
candidate_0340,TCGA-BH-A0E1_x16384_y37888_TL,1581757392,443,81,10,0,0,cfg00_g0_c2_s30,0.0,2.0,30,0.95
candidate_0341,TCGA-A8-A090_x16384_y17408_TL,1523638865,444,27,1,6,6,cfg00_g0_c2_s30,0.0,2.0,30,0.7692307692307693
candidate_0342,TCGA-BH-A0BT_x74752_y43008_BR,1085639510,445,9,33,13,5,cfg01_gm1_c2_s30,-1.0,2.0,30,0.82
candidate_0343,TCGA-E9-A22A_x52224_y30720_BL,1632330096,446,47,2,2,2,cfg00_g0_c2_s30,0.0,2.0,30,0.6746987951807228
candidate_0344,TCGA-BH-A0DO_x49152_y48128_BR,1071844294,447,59,6,5,5,cfg00_g0_c2_s30,0.0,2.0,30,0.8783783783783784
candidate_0345,TCGA-D8-A142_x57344_y24576_TL,2141999468,450,34,2,3,3,cfg00_g0_c2_s30,0.0,2.0,30,0.7547169811320755
candidate_0346,TCGA-GM-A3XN_x39936_y26624_TR,990034546,452,12,3,11,3,cfg01_gm1_c2_s30,-1.0,2.0,30,0.803921568627451
candidate_0347,TCGA-A8-A097_x144384_y20480_TR,967623421,453,10,20,11,3,cfg01_gm1_c2_s30,-1.0,2.0,30,0.8
candidate_0348,TCGA-AO-A0J4_x32768_y25600_BR,458882702,454,79,21,14,6,cfg01_gm1_c2_s30,-1.0,2.0,30,0.8932038834951457
candidate_0349,TCGA-C8-A137_x24576_y53248_BR,922304058,456,84,49,1,1,cfg00_g0_c2_s30,0.0,2.0,30,0.6506024096385542
candidate_0350,TCGA-AN-A0FT_x21504_y20480_TL,906260604,457,17,1,13,5,cfg01_gm1_c2_s30,-1.0,2.0,30,0.9375
candidate_0351,TCGA-LL-A7T0_x78848_y66560_BL,34274321,458,67,4,14,6,cfg01_gm1_c2_s30,-1.0,2.0,30,0.9651162790697676
candidate_0352,TCGA-BH-A0BV_x62464_y26624_TL,738961978,459,3,3,9,1,cfg01_gm1_c2_s30,-1.0,2.0,30,1.0
candidate_0353,TCGA-GM-A2DH_x53248_y50176_BL,139506895,461,108,3,10,2,cfg01_gm1_c2_s30,-1.0,2.0,30,0.9401709401709402
candidate_0354,HCM-CSHL-0366-C50_x12288_y18432_TL,743260157,462,52,1,6,6,cfg00_g0_c2_s30,0.0,2.0,30,0.9516129032258064
candidate_0355,TCGA-BH-A0C3_x46080_y74752_TR,1855376033,463,31,14,0,0,cfg00_g0_c2_s30,0.0,2.0,30,0.8137254901960784
candidate_0356,TCGA-BH-A0AY_x76800_y43008_BR,1464608549,464,13,3,0,0,cfg00_g0_c2_s30,0.0,2.0,30,0.6666666666666666
candidate_0357,TCGA-AO-A1KO_x44032_y22528_BR,527407025,465,3,11,9,1,cfg01_gm1_c2_s30,-1.0,2.0,30,0.4148936170212766
candidate_0358,TCGA-D8-A1XV_x37888_y26624_TR,142344232,466,2,2,10,2,cfg01_gm1_c2_s30,-1.0,2.0,30,0.8888888888888888
candidate_0359,TCGA-OL-A6VO_x82944_y164864_TL,1974251840,467,13,6,14,6,cfg01_gm1_c2_s30,-1.0,2.0,30,0.5102040816326531
candidate_0360,TCGA-BH-A0H9_x34816_y59392_BR,1287278506,468,16,15,4,4,cfg00_g0_c2_s30,0.0,2.0,30,0.796875
candidate_0361,TCGA-E2-A15H_x108544_y40960_BR,1790683209,469,9,1,7,7,cfg00_g0_c2_s30,0.0,2.0,30,0.75
candidate_0362,TCGA-D8-A27V_x119808_y33792_TL,1068256334,471,5,2,5,5,cfg00_g0_c2_s30,0.0,2.0,30,0.7948717948717948
candidate_0363,TCGA-AQ-A04H_x125952_y22528_BL,2120923369,472,100,4,9,1,cfg01_gm1_c2_s30,-1.0,2.0,30,0.8956521739130435
candidate_0364,TCGA-E9-A245_x27648_y41984_BL,1167396640,473,24,7,7,7,cfg00_g0_c2_s30,0.0,2.0,30,0.7469879518072289
candidate_0365,TCGA-E2-A1IE_x83968_y25600_TR,953487480,474,49,2,7,7,cfg00_g0_c2_s30,0.0,2.0,30,0.7972972972972973
candidate_0366,TCGA-AN-A0FF_x100352_y24576_BL,238188798,475,3,39,3,3,cfg00_g0_c2_s30,0.0,2.0,30,0.8295454545454546
candidate_0367,TCGA-A7-A4SB_x57344_y65536_TL,9113794,476,18,2,10,2,cfg01_gm1_c2_s30,-1.0,2.0,30,0.8214285714285714
candidate_0368,TCGA-BH-A18J_x18432_y13312_TL,1975506456,479,18,4,2,2,cfg00_g0_c2_s30,0.0,2.0,30,0.8536585365853658
candidate_0369,TCGA-AR-A1AV_x27648_y49152_BL,650732128,481,15,4,5,5,cfg00_g0_c2_s30,0.0,2.0,30,0.8048780487804879
candidate_0370,TCGA-AO-A0JE_x142336_y23552_TL,1414170218,484,19,19,2,2,cfg00_g0_c2_s30,0.0,2.0,30,0.7441860465116279
candidate_0371,TCGA-AC-A2FO_x99328_y23552_BR,1038287091,485,8,3,3,3,cfg00_g0_c2_s30,0.0,2.0,30,0.7272727272727273
candidate_0372,TCGA-A2-A0CV_x131072_y11264_BR,1358409465,486,58,1,4,4,cfg00_g0_c2_s30,0.0,2.0,30,0.8961038961038961
candidate_0373,TCGA-A2-A0YJ_x57344_y24576_TR,2112020749,487,21,9,1,1,cfg00_g0_c2_s30,0.0,2.0,30,0.7936507936507936
candidate_0374,TCGA-AR-A24Z_x33792_y38912_TL,1549121977,488,49,2,6,6,cfg00_g0_c2_s30,0.0,2.0,30,0.7375
candidate_0375,TCGA-E2-A1IG_x84992_y64512_BR,1638772090,489,15,1,8,0,cfg01_gm1_c2_s30,-1.0,2.0,30,0.6595744680851063
candidate_0376,TCGA-A7-A0DB_x146432_y13312_BL,2119322920,490,13,2,6,6,cfg00_g0_c2_s30,0.0,2.0,30,0.7678571428571429
candidate_0377,TCGA-D8-A1JL_x39936_y73728_TL,128636549,492,47,2,11,3,cfg01_gm1_c2_s30,-1.0,2.0,30,0.796875
candidate_0378,TCGA-OL-A5RX_x72704_y13312_BL,329700965,493,101,7,6,6,cfg00_g0_c2_s30,0.0,2.0,30,0.8455284552845529
candidate_0379,TCGA-E9-A1ND_x13312_y16384_TR,1037043368,496,7,23,3,3,cfg00_g0_c2_s30,0.0,2.0,30,0.8043478260869565
candidate_0380,TCGA-D8-A13Y_x19456_y31744_TR,659881622,497,72,2,6,6,cfg00_g0_c2_s30,0.0,2.0,30,0.7920792079207921
candidate_0381,TCGA-AR-A24X_x24576_y24576_TL,634386252,498,24,7,5,5,cfg00_g0_c2_s30,0.0,2.0,30,0.7205882352941176
candidate_0382,TCGA-AC-A2QH_x31744_y4096_TL,1523928500,499,61,2,6,6,cfg00_g0_c2_s30,0.0,2.0,30,0.9552238805970148
candidate_0383,TCGA-5T-A9QA_x19456_y14336_BR,1702903149,500,41,31,7,7,cfg00_g0_c2_s30,0.0,2.0,30,0.7961165048543689
candidate_0384,TCGA-D8-A1XM_x31744_y57344_TL,711674009,502,47,1,2,2,cfg00_g0_c2_s30,0.0,2.0,30,0.9491525423728814
candidate_0385,TCGA-AQ-A7U7_x56320_y47104_BR,385885258,503,28,3,3,3,cfg00_g0_c2_s30,0.0,2.0,30,0.7704918032786885
candidate_0386,TCGA-E9-A54Y_x67584_y10240_BR,1709667492,505,77,3,14,6,cfg01_gm1_c2_s30,-1.0,2.0,30,0.8924731182795699
candidate_0387,TCGA-E2-A15G_x29696_y38912_BL,483768909,506,86,5,6,6,cfg00_g0_c2_s30,0.0,2.0,30,0.802547770700637
candidate_0388,TCGA-A2-A1FX_x57344_y31744_TL,1719297438,507,13,3,3,3,cfg00_g0_c2_s30,0.0,2.0,30,0.7796610169491526
candidate_0389,TCGA-LD-A66U_x61440_y64512_BR,1392653654,508,29,32,3,3,cfg00_g0_c2_s30,0.0,2.0,30,0.8067226890756303
candidate_0390,TCGA-AR-A256_x45056_y24576_TL,882124892,509,23,2,13,5,cfg01_gm1_c2_s30,-1.0,2.0,30,0.9285714285714286
candidate_0391,TCGA-A8-A08O_x33792_y12288_TR,2053286766,510,26,3,3,3,cfg00_g0_c2_s30,0.0,2.0,30,0.8918918918918919
candidate_0392,TCGA-E2-A14Y_x70656_y11264_BL,1718593195,511,31,4,6,6,cfg00_g0_c2_s30,0.0,2.0,30,0.7659574468085106
candidate_0393,TCGA-A8-A09K_x68608_y14336_TR,940810746,512,50,1,4,4,cfg00_g0_c2_s30,0.0,2.0,30,0.8490566037735849
candidate_0394,TCGA-LD-A7W5_x95232_y46080_BL,1710429851,515,2,31,6,6,cfg00_g0_c2_s30,0.0,2.0,30,0.7619047619047619
candidate_0395,TCGA-BH-A0EA_x10240_y19456_TL,1833457667,516,14,2,5,5,cfg00_g0_c2_s30,0.0,2.0,30,0.6956521739130435
candidate_0396,TCGA-D8-A27V_x37888_y35840_BL,136272773,517,15,2,2,2,cfg00_g0_c2_s30,0.0,2.0,30,0.5
candidate_0397,TCGA-E9-A227_x25600_y43008_BL,1817550177,518,98,2,11,3,cfg01_gm1_c2_s30,-1.0,2.0,30,0.8623853211009175
candidate_0398,TCGA-GM-A2DH_x45056_y38912_BL,59276705,520,151,1,4,4,cfg00_g0_c2_s30,0.0,2.0,30,0.9743589743589745
candidate_0399,TCGA-E2-A105_x82944_y27648_TL,9447674,521,47,5,9,1,cfg01_gm1_c2_s30,-1.0,2.0,30,0.8666666666666667
candidate_0400,TCGA-AC-A6IX_x22528_y10240_BR,1363092081,522,119,10,0,0,cfg00_g0_c2_s30,0.0,2.0,30,0.9172932330827068
candidate_0401,TCGA-E2-A1IG_x36864_y46080_BR,2051686537,523,22,4,9,1,cfg01_gm1_c2_s30,-1.0,2.0,30,0.8235294117647058
candidate_0402,TCGA-E2-A10E_x41984_y44032_BL,1800825588,524,12,6,7,7,cfg00_g0_c2_s30,0.0,2.0,30,0.8947368421052632
candidate_0403,TCGA-B6-A0I8_x34816_y73728_BL,1727811368,525,6,1,9,1,cfg01_gm1_c2_s30,-1.0,2.0,30,0.7241379310344828
candidate_0404,TCGA-AR-A254_x19456_y18432_TR,1715360358,526,30,20,2,2,cfg00_g0_c2_s30,0.0,2.0,30,0.7395833333333334
candidate_0405,TCGA-EW-A1IY_x46080_y29696_BR,125812740,528,11,1,8,0,cfg01_gm1_c2_s30,-1.0,2.0,30,1.0
candidate_0406,TCGA-AR-A24N_x99328_y43008_BR,1403200322,530,16,11,5,5,cfg00_g0_c2_s30,0.0,2.0,30,0.7
candidate_0407,TCGA-B6-A0WT_x41984_y60416_BL,1374792862,531,5,1,2,2,cfg00_g0_c2_s30,0.0,2.0,30,0.5333333333333333
candidate_0408,TCGA-A7-A26F_x13312_y15360_TR,742666697,533,49,1,6,6,cfg00_g0_c2_s30,0.0,2.0,30,0.98
candidate_0409,TCGA-BH-A0AW_x38912_y54272_TR,1593158332,534,2,6,2,2,cfg00_g0_c2_s30,0.0,2.0,30,0.7857142857142857
candidate_0410,TCGA-AR-A1AU_x69632_y57344_TL,1951482488,535,78,1,5,5,cfg00_g0_c2_s30,0.0,2.0,30,0.9791666666666666
candidate_0411,TCGA-BH-A18K_x65536_y19456_TL,1663358262,537,30,1,0,0,cfg00_g0_c2_s30,0.0,2.0,30,0.7971014492753623
candidate_0412,TCGA-BH-A0GY_x66560_y40960_TL,300194430,538,14,92,7,7,cfg00_g0_c2_s30,0.0,2.0,30,0.7862068965517242
candidate_0413,TCGA-EW-A423_x69632_y63488_BR,1672116882,539,50,44,6,6,cfg00_g0_c2_s30,0.0,2.0,30,0.7457627118644068
candidate_0414,TCGA-A7-A26J_x5120_y25600_TL,1674236801,540,19,2,12,4,cfg01_gm1_c2_s30,-1.0,2.0,30,0.7636363636363637
candidate_0415,TCGA-AC-A3OD_x20480_y32768_BL,2143760933,542,3,5,4,4,cfg00_g0_c2_s30,0.0,2.0,30,0.75
candidate_0416,TCGA-AR-A1AO_x79872_y23552_BL,1096658985,543,46,7,9,1,cfg01_gm1_c2_s30,-1.0,2.0,30,0.8596491228070176
candidate_0417,TCGA-C8-A1HG_x64512_y33792_TL,1211583357,544,3,21,7,7,cfg00_g0_c2_s30,0.0,2.0,30,0.8703703703703703
candidate_0418,TCGA-AC-A3W5_x98304_y8192_TR,1525296284,545,36,2,14,6,cfg01_gm1_c2_s30,-1.0,2.0,30,0.6307692307692307
candidate_0419,TCGA-AQ-A04H_x6144_y15360_BL,1374408827,546,106,3,1,1,cfg00_g0_c2_s30,0.0,2.0,30,0.8787878787878788
candidate_0420,TCGA-D8-A1JM_x26624_y35840_TL,1799005855,548,85,1,6,6,cfg00_g0_c2_s30,0.0,2.0,30,0.9772727272727272
candidate_0421,TCGA-D8-A1JC_x88064_y41984_BL,2062281205,549,36,30,4,4,cfg00_g0_c2_s30,0.0,2.0,30,0.7777777777777778
candidate_0422,TCGA-BH-A0W3_x64512_y73728_BL,311737337,550,25,22,5,5,cfg00_g0_c2_s30,0.0,2.0,30,0.8487394957983193
candidate_0423,TCGA-EW-A6SC_x43008_y35840_BL,1462434839,551,3,3,3,3,cfg00_g0_c2_s30,0.0,2.0,30,0.8666666666666667
candidate_0424,TCGA-E2-A15K_x20480_y20480_BL,579709304,552,52,20,1,1,cfg00_g0_c2_s30,0.0,2.0,30,0.6548672566371682
candidate_0425,TCGA-D8-A1JS_x49152_y28672_BR,710374123,553,8,2,5,5,cfg00_g0_c2_s30,0.0,2.0,30,0.9130434782608696
candidate_0426,TCGA-A2-A3XW_x46080_y46080_BL,485235330,554,103,1,2,2,cfg00_g0_c2_s30,0.0,2.0,30,0.8559322033898306
candidate_0427,TCGA-AO-A12B_x9216_y7168_BL,1110158927,555,78,9,5,5,cfg00_g0_c2_s30,0.0,2.0,30,0.8835616438356164
candidate_0428,TCGA-C8-A26W_x63488_y58368_TL,1580147267,557,7,11,7,7,cfg00_g0_c2_s30,0.0,2.0,30,0.8082191780821918
candidate_0429,TCGA-A2-A04X_x72704_y62464_TL,66897106,559,80,6,3,3,cfg00_g0_c2_s30,0.0,2.0,30,0.8484848484848485
candidate_0430,TCGA-OL-A5RX_x72704_y13312_BR,273631569,560,4,16,15,7,cfg01_gm1_c2_s30,-1.0,2.0,30,0.8620689655172413
candidate_0431,TCGA-5T-A9QA_x47104_y39936_BR,1008910069,563,44,1,4,4,cfg00_g0_c2_s30,0.0,2.0,30,0.8775510204081632
candidate_0432,TCGA-BH-A1FG_x30720_y43008_BL,152392746,564,50,1,3,3,cfg00_g0_c2_s30,0.0,2.0,30,0.918032786885246
candidate_0433,TCGA-BH-A0BR_x74752_y44032_BL,678746562,565,22,9,12,4,cfg01_gm1_c2_s30,-1.0,2.0,30,0.79
candidate_0434,TCGA-C8-A26X_x23552_y18432_BL,2031390005,566,45,25,0,0,cfg00_g0_c2_s30,0.0,2.0,30,0.7021276595744681
candidate_0435,TCGA-D8-A1X8_x67584_y68608_TR,1771643375,567,13,1,6,6,cfg00_g0_c2_s30,0.0,2.0,30,0.8076923076923077
candidate_0436,TCGA-EW-A2FV_x41984_y55296_BL,809770659,568,3,3,4,4,cfg00_g0_c2_s30,0.0,2.0,30,0.8163265306122449
candidate_0437,TCGA-GM-A2DB_x38912_y15360_TL,743383544,569,28,12,3,3,cfg00_g0_c2_s30,0.0,2.0,30,0.8852459016393442
candidate_0438,TCGA-AR-A0TR_x31744_y50176_TL,2119036925,570,66,7,3,3,cfg00_g0_c2_s30,0.0,2.0,30,0.8842975206611571
candidate_0439,TCGA-E2-A572_x35840_y26624_BR,280729215,571,9,6,15,7,cfg01_gm1_c2_s30,-1.0,2.0,30,0.8679245283018868
candidate_0440,TCGA-B6-A0RT_x64512_y31744_TR,1213943993,573,76,4,3,3,cfg00_g0_c2_s30,0.0,2.0,30,0.9302325581395348
candidate_0441,TCGA-D8-A27G_x23552_y39936_BR,691753511,574,50,1,2,2,cfg00_g0_c2_s30,0.0,2.0,30,0.7368421052631579
candidate_0442,TCGA-E2-A1LS_x39936_y36864_BR,935154595,575,40,7,7,7,cfg00_g0_c2_s30,0.0,2.0,30,0.864406779661017
candidate_0443,TCGA-A2-A0D4_x55296_y33792_TR,2134508988,576,6,22,4,4,cfg00_g0_c2_s30,0.0,2.0,30,0.7209302325581395
candidate_0444,TCGA-BH-A18K_x74752_y19456_TL,797836729,578,2,9,3,3,cfg00_g0_c2_s30,0.0,2.0,30,0.8611111111111112
candidate_0445,TCGA-D8-A1J8_x26624_y20480_BR,1751793406,579,10,67,0,0,cfg00_g0_c2_s30,0.0,2.0,30,0.7868852459016393
candidate_0446,TCGA-AN-A0AJ_x148480_y39936_TR,1391745608,580,11,11,3,3,cfg00_g0_c2_s30,0.0,2.0,30,0.8108108108108109
candidate_0447,TCGA-E2-A15O_x75776_y36864_BR,1659701964,581,89,1,1,1,cfg00_g0_c2_s30,0.0,2.0,30,0.9428571428571428
candidate_0448,TCGA-A8-A099_x13312_y16384_BR,1606779965,582,53,1,10,2,cfg01_gm1_c2_s30,-1.0,2.0,30,0.8285714285714286
candidate_0449,TCGA-EW-A1PD_x54272_y37888_TR,1320457795,583,9,1,7,7,cfg00_g0_c2_s30,0.0,2.0,30,0.75
candidate_0450,TCGA-A2-A0D0_x71680_y30720_TL,1440900624,584,11,73,7,7,cfg00_g0_c2_s30,0.0,2.0,30,0.8396946564885496
candidate_0451,TCGA-C8-A278_x27648_y11264_TL,1723836488,585,52,20,12,4,cfg01_gm1_c2_s30,-1.0,2.0,30,0.7319587628865979
candidate_0452,TCGA-A2-A0D0_x84992_y54272_TR,1075800574,588,60,23,2,2,cfg00_g0_c2_s30,0.0,2.0,30,0.7636363636363637
candidate_0453,TCGA-A7-A3RF_x57344_y13312_TL,1979376091,589,111,2,2,2,cfg00_g0_c2_s30,0.0,2.0,30,0.9495798319327732
candidate_0454,TCGA-E2-A15A_x24576_y50176_BL,738864709,592,13,3,4,4,cfg00_g0_c2_s30,0.0,2.0,30,0.775
candidate_0455,TCGA-AN-A0XT_x36864_y9216_TL,1332746336,593,3,18,0,0,cfg00_g0_c2_s30,0.0,2.0,30,0.7945205479452054
candidate_0456,TCGA-A2-A1FX_x58368_y23552_TL,1830800733,594,29,21,2,2,cfg00_g0_c2_s30,0.0,2.0,30,0.7530864197530864
candidate_0457,TCGA-BH-A0HQ_x36864_y54272_TL,142928515,597,27,4,4,4,cfg00_g0_c2_s30,0.0,2.0,30,0.8301886792452831
candidate_0458,TCGA-AO-A1KR_x16384_y22528_TR,257180487,598,162,10,3,3,cfg00_g0_c2_s30,0.0,2.0,30,0.8695652173913043
candidate_0459,TCGA-E2-A14V_x60416_y56320_TL,1997737155,599,41,3,3,3,cfg00_g0_c2_s30,0.0,2.0,30,0.7454545454545455
candidate_0460,TCGA-BH-A0HP_x43008_y72704_TR,1009739960,600,2,4,0,0,cfg00_g0_c2_s30,0.0,2.0,30,0.7162162162162162
candidate_0461,TCGA-C8-A137_x24576_y53248_BL,1114061053,602,30,30,5,5,cfg00_g0_c2_s30,0.0,2.0,30,0.7386363636363636
candidate_0462,TCGA-AR-A2LM_x41984_y17408_TR,1072314091,605,56,2,7,7,cfg00_g0_c2_s30,0.0,2.0,30,0.8382352941176471
candidate_0463,TCGA-A2-A04X_x65536_y63488_BL,472963646,608,104,11,7,7,cfg00_g0_c2_s30,0.0,2.0,30,0.9741379310344828
candidate_0464,TCGA-EW-A3U0_x118784_y28672_BR,1145964016,609,13,14,3,3,cfg00_g0_c2_s30,0.0,2.0,30,0.8222222222222222
candidate_0465,TCGA-A2-A1G1_x33792_y33792_TL,1772351097,610,3,25,6,6,cfg00_g0_c2_s30,0.0,2.0,30,0.8021978021978022
candidate_0466,TCGA-AR-A0U0_x23552_y24576_BR,1781245138,612,70,19,2,2,cfg00_g0_c2_s30,0.0,2.0,30,0.803921568627451
candidate_0467,TCGA-A7-A0CD_x73728_y16384_BL,2120793212,613,59,19,6,6,cfg00_g0_c2_s30,0.0,2.0,30,0.8977272727272727
candidate_0468,TCGA-AR-A254_x19456_y23552_BR,625629832,616,51,1,7,7,cfg00_g0_c2_s30,0.0,2.0,30,0.8783783783783784
candidate_0469,TCGA-AO-A0JE_x145408_y35840_BL,1777203985,617,23,8,8,0,cfg01_gm1_c2_s30,-1.0,2.0,30,0.8375
candidate_0470,TCGA-A2-A0CK_x17408_y28672_BL,800513465,618,3,9,3,3,cfg00_g0_c2_s30,0.0,2.0,30,0.6956521739130435
candidate_0471,TCGA-AC-A3TM_x81920_y28672_BR,1290067491,619,3,34,0,0,cfg00_g0_c2_s30,0.0,2.0,30,0.7941176470588235
candidate_0472,TCGA-AR-A24N_x101376_y45056_BR,901065493,620,23,25,3,3,cfg00_g0_c2_s30,0.0,2.0,30,0.922077922077922
candidate_0473,TCGA-A8-A094_x25600_y12288_TL,982593634,621,20,8,11,3,cfg01_gm1_c2_s30,-1.0,2.0,30,0.696969696969697
candidate_0474,TCGA-A8-A086_x39936_y83968_BL,848480836,623,6,2,14,6,cfg01_gm1_c2_s30,-1.0,2.0,30,0.7741935483870968
candidate_0475,TCGA-LL-A6FP_x56320_y18432_BR,2023944239,624,17,4,6,6,cfg00_g0_c2_s30,0.0,2.0,30,0.8055555555555556
candidate_0476,TCGA-C8-A12O_x25600_y30720_TL,1480382381,628,7,30,2,2,cfg00_g0_c2_s30,0.0,2.0,30,0.7578947368421053
candidate_0477,TCGA-AN-A0AS_x24576_y17408_BR,1661772114,629,14,3,0,0,cfg00_g0_c2_s30,0.0,2.0,30,0.8620689655172413
candidate_0478,TCGA-A8-A086_x43008_y77824_TL,7695150,630,25,8,7,7,cfg00_g0_c2_s30,0.0,2.0,30,0.7391304347826086
candidate_0479,TCGA-AN-A04A_x103424_y19456_BL,1267572614,631,3,1,3,3,cfg00_g0_c2_s30,0.0,2.0,30,0.6037735849056604
candidate_0480,TCGA-BH-A0DS_x83968_y49152_TL,2055335491,632,18,3,5,5,cfg00_g0_c2_s30,0.0,2.0,30,0.7555555555555555
candidate_0481,TCGA-A2-A0CX_x46080_y69632_TR,1126768013,634,39,1,10,2,cfg01_gm1_c2_s30,-1.0,2.0,30,0.8333333333333334
candidate_0482,TCGA-BH-A0DT_x65536_y25600_TR,280113978,635,64,4,6,6,cfg00_g0_c2_s30,0.0,2.0,30,0.9146341463414634
candidate_0483,TCGA-OL-A5RX_x86016_y18432_BL,1190805874,636,2,25,6,6,cfg00_g0_c2_s30,0.0,2.0,30,0.7971014492753623
candidate_0484,TCGA-C8-A131_x17408_y31744_TR,1919006840,637,11,1,6,6,cfg00_g0_c2_s30,0.0,2.0,30,1.0
candidate_0485,TCGA-C8-A8HP_x43008_y26624_TR,962891694,638,53,1,6,6,cfg00_g0_c2_s30,0.0,2.0,30,0.9454545454545454
candidate_0486,TCGA-AO-A0JC_x7168_y18432_BR,1768605348,639,539,5,12,4,cfg01_gm1_c2_s30,-1.0,2.0,30,0.7210144927536232
candidate_0487,TCGA-A7-A13H_x9216_y18432_BL,383503161,640,9,4,3,3,cfg00_g0_c2_s30,0.0,2.0,30,0.7111111111111111
candidate_0488,TCGA-WT-AB44_x47104_y61440_TR,243410047,641,6,1,4,4,cfg00_g0_c2_s30,0.0,2.0,30,0.6274509803921569
candidate_0489,TCGA-A8-A07C_x25600_y26624_TL,765914941,643,42,10,2,2,cfg00_g0_c2_s30,0.0,2.0,30,0.825
candidate_0490,TCGA-BH-A0BW_x78848_y56320_TR,1456379729,644,25,8,4,4,cfg00_g0_c2_s30,0.0,2.0,30,0.4676258992805755
candidate_0491,TCGA-A8-A08O_x10240_y18432_TL,2007270543,645,18,19,3,3,cfg00_g0_c2_s30,0.0,2.0,30,0.78125
candidate_0492,TCGA-LL-A73Y_x56320_y16384_BL,1543786777,646,91,18,0,0,cfg00_g0_c2_s30,0.0,2.0,30,0.911504424778761
candidate_0493,TCGA-BH-A1F0_x28672_y10240_TR,1724203299,648,56,5,4,4,cfg00_g0_c2_s30,0.0,2.0,30,0.7580645161290323
candidate_0494,TCGA-EW-A1PA_x45056_y15360_TL,1162546222,649,9,2,1,1,cfg00_g0_c2_s30,0.0,2.0,30,0.6338028169014085
candidate_0495,TCGA-D8-A1XT_x11264_y35840_BL,1044460569,650,9,2,3,3,cfg00_g0_c2_s30,0.0,2.0,30,0.8035714285714286
candidate_0496,TCGA-C8-A12Q_x51200_y50176_TL,1170701279,651,22,1,6,6,cfg00_g0_c2_s30,0.0,2.0,30,0.6756756756756757
candidate_0497,TCGA-E9-A228_x66560_y25600_BR,394569909,653,16,6,1,1,cfg00_g0_c2_s30,0.0,2.0,30,0.6307692307692307
candidate_0498,TCGA-BH-A18T_x65536_y26624_BR,1429445392,654,42,15,14,6,cfg01_gm1_c2_s30,-1.0,2.0,30,0.8507462686567164
candidate_0499,TCGA-A1-A0SO_x69632_y8192_TL,1543802105,655,16,11,0,0,cfg00_g0_c2_s30,0.0,2.0,30,0.782608695652174
candidate_0500,TCGA-E2-A576_x44032_y21504_TL,1933709183,657,4,3,14,6,cfg01_gm1_c2_s30,-1.0,2.0,30,0.8360655737704918
candidate_0501,TCGA-A8-A07O_x9216_y27648_BR,1792618411,658,100,4,1,1,cfg00_g0_c2_s30,0.0,2.0,30,0.9333333333333332
candidate_0502,TCGA-D8-A1Y1_x24576_y3072_TR,1745802804,659,32,1,15,7,cfg01_gm1_c2_s30,-1.0,2.0,30,0.625
candidate_0503,TCGA-BH-A5IZ_x73728_y37888_BL,1891737249,660,90,1,11,3,cfg01_gm1_c2_s30,-1.0,2.0,30,0.9375
candidate_0504,TCGA-AC-A3W6_x7168_y4096_TR,896701163,662,9,1,2,2,cfg00_g0_c2_s30,0.0,2.0,30,0.8169014084507042
candidate_0505,TCGA-D8-A27F_x134144_y14336_TL,1715606503,663,10,11,1,1,cfg00_g0_c2_s30,0.0,2.0,30,0.7096774193548387
candidate_0506,TCGA-AN-A0FY_x14336_y38912_TL,1935122982,664,56,1,5,5,cfg00_g0_c2_s30,0.0,2.0,30,0.9333333333333332
candidate_0507,TCGA-EW-A1IY_x75776_y24576_TR,1532724199,665,88,2,5,5,cfg00_g0_c2_s30,0.0,2.0,30,0.956043956043956
candidate_0508,TCGA-EW-A2FV_x37888_y65536_BR,1664484645,667,2,15,3,3,cfg00_g0_c2_s30,0.0,2.0,30,0.8833333333333333
candidate_0509,TCGA-E2-A1LH_x46080_y33792_TL,445607577,668,32,7,15,7,cfg01_gm1_c2_s30,-1.0,2.0,30,0.7037037037037037
candidate_0510,TCGA-E2-A15G_x43008_y59392_BR,463808407,669,69,2,7,7,cfg00_g0_c2_s30,0.0,2.0,30,0.8247422680412371
candidate_0511,TCGA-D8-A27F_x141312_y27648_BL,945215179,670,109,1,12,4,cfg01_gm1_c2_s30,-1.0,2.0,30,0.982608695652174
candidate_0512,TCGA-XX-A899_x31744_y54272_TR,1990485787,671,13,4,2,2,cfg00_g0_c2_s30,0.0,2.0,30,0.6851851851851852
candidate_0513,TCGA-AR-A250_x15360_y47104_TR,543489136,674,23,2,2,2,cfg00_g0_c2_s30,0.0,2.0,30,0.7837837837837838
candidate_0514,TCGA-A7-A4SF_x17408_y22528_BR,2036799076,675,51,7,1,1,cfg00_g0_c2_s30,0.0,2.0,30,0.7553191489361702
candidate_0515,TCGA-B6-A0X4_x21504_y32768_TL,273255669,676,85,3,0,0,cfg00_g0_c2_s30,0.0,2.0,30,0.8260869565217391
candidate_0516,TCGA-E2-A14N_x32768_y28672_TL,435403236,677,43,4,7,7,cfg00_g0_c2_s30,0.0,2.0,30,0.8148148148148148
candidate_0517,TCGA-AR-A24X_x16384_y13312_BR,1023711983,678,11,7,4,4,cfg00_g0_c2_s30,0.0,2.0,30,0.7291666666666666
candidate_0518,TCGA-E2-A15G_x38912_y68608_TR,2053680411,679,71,6,2,2,cfg00_g0_c2_s30,0.0,2.0,30,0.8431372549019608
candidate_0519,TCGA-LL-A9Q3_x24576_y28672_BL,1207549095,680,17,12,0,0,cfg00_g0_c2_s30,0.0,2.0,30,0.7083333333333334
candidate_0520,TCGA-C8-A135_x59392_y74752_TR,739123799,681,15,22,1,1,cfg00_g0_c2_s30,0.0,2.0,30,0.8524590163934426
candidate_0521,TCGA-A2-A0D4_x46080_y58368_BL,1242707024,683,6,9,0,0,cfg00_g0_c2_s30,0.0,2.0,30,0.8095238095238095
candidate_0522,TCGA-E9-A1NC_x39936_y35840_BR,919676982,684,9,6,5,5,cfg00_g0_c2_s30,0.0,2.0,30,0.7721518987341772
candidate_0523,TCGA-BH-A0HK_x67584_y37888_TR,907916143,685,20,8,9,1,cfg01_gm1_c2_s30,-1.0,2.0,30,0.7538461538461538
candidate_0524,TCGA-AN-A0XT_x38912_y35840_TL,1764694451,686,27,19,4,4,cfg00_g0_c2_s30,0.0,2.0,30,0.7256637168141593
candidate_0525,TCGA-E2-A56Z_x44032_y25600_TR,1904925873,687,51,16,5,5,cfg00_g0_c2_s30,0.0,2.0,30,0.9125
candidate_0526,TCGA-AO-A1KR_x36864_y27648_TR,256051360,688,18,216,6,6,cfg00_g0_c2_s30,0.0,2.0,30,0.8636363636363636
candidate_0527,TCGA-B6-A0I6_x35840_y50176_TR,1922761133,690,103,1,3,3,cfg00_g0_c2_s30,0.0,2.0,30,1.0
candidate_0528,TCGA-BH-A18R_x67584_y11264_BL,716093546,691,105,1,4,4,cfg00_g0_c2_s30,0.0,2.0,30,0.954954954954955
candidate_0529,TCGA-B6-A0X5_x61440_y33792_TR,892285335,692,46,31,12,4,cfg01_gm1_c2_s30,-1.0,2.0,30,0.6917293233082706
candidate_0530,TCGA-B6-A0WY_x47104_y21504_BR,1068845411,693,21,2,14,6,cfg01_gm1_c2_s30,-1.0,2.0,30,0.7317073170731707
candidate_0531,TCGA-A1-A0SJ_x23552_y23552_BR,1748348225,695,47,1,5,5,cfg00_g0_c2_s30,0.0,2.0,30,0.9104477611940298
candidate_0532,TCGA-AO-A0J3_x3072_y24576_BR,1262927528,697,33,123,11,3,cfg01_gm1_c2_s30,-1.0,2.0,30,0.7553763440860215
candidate_0533,TCGA-AR-A24S_x24576_y57344_TR,896558028,699,49,2,14,6,cfg01_gm1_c2_s30,-1.0,2.0,30,0.8591549295774648
candidate_0534,TCGA-D8-A1JB_x17408_y26624_TR,1946943955,700,50,30,3,3,cfg00_g0_c2_s30,0.0,2.0,30,0.7664233576642335
candidate_0535,TCGA-E2-A572_x71680_y27648_BL,548990599,701,76,7,0,0,cfg00_g0_c2_s30,0.0,2.0,30,0.8285714285714286
candidate_0536,TCGA-HN-A2NL_x4096_y21504_TL,1648418675,702,2,95,2,2,cfg00_g0_c2_s30,0.0,2.0,30,0.7816901408450704
candidate_0537,TCGA-AR-A24R_x21504_y15360_TL,765022597,703,121,5,3,3,cfg00_g0_c2_s30,0.0,2.0,30,0.9
candidate_0538,TCGA-E2-A9RU_x41984_y74752_TR,582784119,705,3,1,0,0,cfg00_g0_c2_s30,0.0,2.0,30,0.7586206896551724
candidate_0539,TCGA-E2-A109_x62464_y44032_BR,83961721,706,33,2,6,6,cfg00_g0_c2_s30,0.0,2.0,30,0.6212121212121212
candidate_0540,TCGA-A8-A06Q_x9216_y9216_TL,566691511,708,19,4,2,2,cfg00_g0_c2_s30,0.0,2.0,30,0.8235294117647058
candidate_0541,TCGA-BH-A0BF_x108544_y47104_BR,168882353,709,16,4,15,7,cfg01_gm1_c2_s30,-1.0,2.0,30,0.9130434782608696
candidate_0542,TCGA-AR-A0TU_x26624_y36864_TL,1110560656,710,88,3,3,3,cfg00_g0_c2_s30,0.0,2.0,30,0.9607843137254902
candidate_0543,TCGA-D8-A1J8_x32768_y65536_TL,2325288,711,16,8,0,0,cfg00_g0_c2_s30,0.0,2.0,30,0.8253968253968254
candidate_0544,TCGA-AR-A24W_x29696_y28672_TR,1329129844,712,10,13,4,4,cfg00_g0_c2_s30,0.0,2.0,30,0.7294117647058823
candidate_0545,TCGA-BH-A0DH_x22528_y27648_TR,1003794831,713,42,6,1,1,cfg00_g0_c2_s30,0.0,2.0,30,0.7926829268292683
candidate_0546,TCGA-PE-A5DD_x34816_y51200_BL,490368336,714,3,2,0,0,cfg00_g0_c2_s30,0.0,2.0,30,0.55
candidate_0547,TCGA-C8-A12O_x32768_y16384_BL,981646485,715,4,2,1,1,cfg00_g0_c2_s30,0.0,2.0,30,0.7777777777777778
candidate_0548,TCGA-GM-A3XG_x76800_y44032_TR,2056982206,717,101,4,2,2,cfg00_g0_c2_s30,0.0,2.0,30,0.9210526315789472
candidate_0549,TCGA-EW-A1P5_x174080_y50176_BL,309764996,718,29,2,1,1,cfg00_g0_c2_s30,0.0,2.0,30,0.696969696969697
candidate_0550,TCGA-GM-A2DN_x37888_y57344_TL,1273242209,721,32,3,7,7,cfg00_g0_c2_s30,0.0,2.0,30,0.8507462686567164
candidate_0551,TCGA-BH-A1FG_x31744_y54272_BL,1416761888,723,10,10,13,5,cfg01_gm1_c2_s30,-1.0,2.0,30,0.8
candidate_0552,TCGA-E2-A14U_x100352_y29696_BR,1217307745,724,34,3,3,3,cfg00_g0_c2_s30,0.0,2.0,30,0.75
candidate_0553,TCGA-BH-A0DH_x50176_y30720_TL,1939889168,726,11,6,8,0,cfg01_gm1_c2_s30,-1.0,2.0,30,0.5789473684210527
candidate_0554,TCGA-AR-A2LL_x10240_y12288_BR,2060780888,727,6,4,8,0,cfg01_gm1_c2_s30,-1.0,2.0,30,0.8727272727272727
candidate_0555,TCGA-A8-A08L_x39936_y14336_TR,939557113,729,53,1,14,6,cfg01_gm1_c2_s30,-1.0,2.0,30,0.8245614035087719
candidate_0556,TCGA-AO-A0J5_x37888_y32768_BL,944500759,730,88,20,5,5,cfg00_g0_c2_s30,0.0,2.0,30,0.7931034482758621
candidate_0557,TCGA-BH-A0E2_x80896_y13312_TR,1788559591,731,25,5,4,4,cfg00_g0_c2_s30,0.0,2.0,30,0.723404255319149
candidate_0558,TCGA-A8-A08J_x62464_y83968_BR,1932012745,732,23,3,4,4,cfg00_g0_c2_s30,0.0,2.0,30,0.7
candidate_0559,TCGA-AO-A03L_x38912_y24576_TR,358555017,734,89,130,1,1,cfg00_g0_c2_s30,0.0,2.0,30,0.814935064935065
candidate_0560,TCGA-AO-A0J4_x26624_y24576_BR,1276230266,735,150,5,2,2,cfg00_g0_c2_s30,0.0,2.0,30,0.9556962025316456
candidate_0561,TCGA-B6-A0WY_x68608_y22528_TL,2143713035,738,15,4,8,0,cfg01_gm1_c2_s30,-1.0,2.0,30,0.7833333333333333
candidate_0562,TCGA-S3-AA17_x40960_y35840_BL,1888998737,739,16,54,1,1,cfg00_g0_c2_s30,0.0,2.0,30,0.76
candidate_0563,TCGA-B6-A3ZX_x24576_y3072_BL,675028078,741,4,29,10,2,cfg01_gm1_c2_s30,-1.0,2.0,30,0.8409090909090909
candidate_0564,TCGA-A8-A07B_x15360_y25600_TR,2120831675,742,12,3,0,0,cfg00_g0_c2_s30,0.0,2.0,30,0.7045454545454546
candidate_0565,TCGA-AO-A0J7_x37888_y2048_TR,1492628792,743,19,15,5,5,cfg00_g0_c2_s30,0.0,2.0,30,0.8677685950413223
candidate_0566,TCGA-BH-A0BM_x37888_y14336_TR,1345056817,744,14,114,6,6,cfg00_g0_c2_s30,0.0,2.0,30,0.8269230769230769
candidate_0567,TCGA-AR-A1AI_x23552_y50176_BR,1023729561,745,58,24,7,7,cfg00_g0_c2_s30,0.0,2.0,30,0.7849462365591398
candidate_0568,TCGA-BH-A42T_x77824_y68608_TR,2094659422,746,72,4,4,4,cfg00_g0_c2_s30,0.0,2.0,30,0.9125
candidate_0569,TCGA-AN-A0XO_x39936_y31744_TR,299275232,747,5,2,5,5,cfg00_g0_c2_s30,0.0,2.0,30,0.6333333333333333
candidate_0570,TCGA-BH-A0BZ_x96256_y17408_BR,1910987666,748,3,22,8,0,cfg01_gm1_c2_s30,-1.0,2.0,30,0.8305084745762712
candidate_0571,TCGA-A8-A095_x137216_y26624_TR,662302487,750,16,10,7,7,cfg00_g0_c2_s30,0.0,2.0,30,0.7068965517241379
candidate_0572,TCGA-B6-A0WS_x77824_y48128_BR,279920181,751,4,17,15,7,cfg01_gm1_c2_s30,-1.0,2.0,30,0.8115942028985508
candidate_0573,TCGA-A2-A0YJ_x26624_y40960_BL,17327445,752,43,4,6,6,cfg00_g0_c2_s30,0.0,2.0,30,0.8846153846153846
candidate_0574,TCGA-A2-A25A_x22528_y45056_BR,1896255402,753,90,3,5,5,cfg00_g0_c2_s30,0.0,2.0,30,0.8648648648648649
candidate_0575,TCGA-GM-A3XG_x56320_y36864_TL,1038961313,754,72,2,6,6,cfg00_g0_c2_s30,0.0,2.0,30,0.978494623655914
candidate_0576,TCGA-BH-A0B8_x47104_y44032_TL,1045363844,755,80,10,1,1,cfg00_g0_c2_s30,0.0,2.0,30,0.7777777777777778
candidate_0577,TCGA-E2-A9RU_x54272_y50176_BR,1158483293,757,13,6,6,6,cfg00_g0_c2_s30,0.0,2.0,30,0.6818181818181818
candidate_0578,TCGA-A8-A07I_x11264_y37888_TL,1443937888,758,4,5,4,4,cfg00_g0_c2_s30,0.0,2.0,30,0.8524590163934426
candidate_0579,TCGA-A1-A0SN_x18432_y37888_BL,1560334140,759,11,3,3,3,cfg00_g0_c2_s30,0.0,2.0,30,0.851063829787234
candidate_0580,TCGA-E2-A15T_x92160_y52224_TL,1501709193,762,93,5,13,5,cfg01_gm1_c2_s30,-1.0,2.0,30,0.927927927927928
candidate_0581,TCGA-E2-A1IO_x62464_y58368_TL,765856627,763,61,2,5,5,cfg00_g0_c2_s30,0.0,2.0,30,0.9
candidate_0582,TCGA-D8-A27R_x28672_y47104_TR,1429289561,764,33,2,3,3,cfg00_g0_c2_s30,0.0,2.0,30,0.782608695652174
candidate_0583,TCGA-AN-A0XW_x51200_y22528_TR,1155986623,766,13,5,11,3,cfg01_gm1_c2_s30,-1.0,2.0,30,0.8095238095238095
candidate_0584,TCGA-A2-A1G0_x20480_y44032_BL,1718908693,767,44,2,7,7,cfg00_g0_c2_s30,0.0,2.0,30,0.8
candidate_0585,TCGA-E2-A1IN_x12288_y55296_TR,256043777,769,54,1,11,3,cfg01_gm1_c2_s30,-1.0,2.0,30,0.7012987012987013
candidate_0586,TCGA-A2-A4RX_x19456_y20480_BL,386329761,771,55,1,2,2,cfg00_g0_c2_s30,0.0,2.0,30,0.8214285714285714
candidate_0587,TCGA-D8-A13Z_x67584_y72704_TR,545499051,772,47,1,7,7,cfg00_g0_c2_s30,0.0,2.0,30,0.8428571428571429
candidate_0588,TCGA-E9-A1N4_x39936_y33792_TR,1158022554,773,73,8,0,0,cfg00_g0_c2_s30,0.0,2.0,30,0.7463768115942029
candidate_0589,TCGA-A7-A13E_x110592_y35840_BR,981381210,774,56,3,11,3,cfg01_gm1_c2_s30,-1.0,2.0,30,0.5144927536231884
candidate_0590,TCGA-OL-A5S0_x95232_y6144_TL,377750192,775,11,6,11,3,cfg01_gm1_c2_s30,-1.0,2.0,30,0.8
candidate_0591,TCGA-A2-A1G6_x66560_y57344_BR,788612961,776,13,3,0,0,cfg00_g0_c2_s30,0.0,2.0,30,0.9111111111111112
candidate_0592,TCGA-AC-A2QJ_x47104_y19456_BL,830414600,778,111,4,9,1,cfg01_gm1_c2_s30,-1.0,2.0,30,0.9576271186440678
candidate_0593,TCGA-BH-A0C3_x46080_y74752_BR,2012524024,780,12,22,1,1,cfg00_g0_c2_s30,0.0,2.0,30,0.7610619469026548
candidate_0594,TCGA-A7-A4SC_x95232_y32768_TR,1185442322,781,23,2,4,4,cfg00_g0_c2_s30,0.0,2.0,30,0.8787878787878788
candidate_0595,TCGA-AR-A254_x75776_y26624_BR,1390043600,782,2,10,7,7,cfg00_g0_c2_s30,0.0,2.0,30,0.9080459770114944
candidate_0596,TCGA-LD-A74U_x32768_y48128_TR,354152154,784,61,7,4,4,cfg00_g0_c2_s30,0.0,2.0,30,0.7553191489361702
candidate_0597,TCGA-AR-A0U3_x84992_y50176_TR,1870655413,786,32,23,0,0,cfg00_g0_c2_s30,0.0,2.0,30,0.8692307692307693
candidate_0598,TCGA-EW-A1IZ_x72704_y25600_BR,2062887882,787,2,10,5,5,cfg00_g0_c2_s30,0.0,2.0,30,0.9078947368421052
candidate_0599,TCGA-D8-A27W_x150528_y17408_TL,1899584045,789,2,3,6,6,cfg00_g0_c2_s30,0.0,2.0,30,0.660377358490566
candidate_0600,TCGA-BH-A0BP_x40960_y32768_TR,879398103,790,11,32,1,1,cfg00_g0_c2_s30,0.0,2.0,30,0.8181818181818182
candidate_0601,TCGA-S3-AA12_x45056_y25600_BL,187439666,791,110,2,6,6,cfg00_g0_c2_s30,0.0,2.0,30,0.9078014184397164
candidate_0602,TCGA-BH-A0DE_x40960_y35840_TL,873914076,793,30,14,3,3,cfg00_g0_c2_s30,0.0,2.0,30,0.8266666666666667
candidate_0603,TCGA-LL-A7T0_x49152_y65536_BR,1201949004,794,66,7,1,1,cfg00_g0_c2_s30,0.0,2.0,30,0.851063829787234
candidate_0604,TCGA-A2-A3XT_x84992_y46080_TR,1016234427,795,83,16,7,7,cfg00_g0_c2_s30,0.0,2.0,30,0.8823529411764706
candidate_0605,TCGA-AO-A12D_x13312_y36864_TL,1190268119,797,12,206,14,6,cfg01_gm1_c2_s30,-1.0,2.0,30,0.8733333333333333
candidate_0606,TCGA-AO-A1KQ_x10240_y5120_BR,649597277,798,41,2,4,4,cfg00_g0_c2_s30,0.0,2.0,30,0.7073170731707317
candidate_0607,TCGA-AR-A24Q_x45056_y3072_BL,884567638,802,102,4,4,4,cfg00_g0_c2_s30,0.0,2.0,30,0.9051724137931034
candidate_0608,TCGA-AN-A0FT_x11264_y35840_TR,1676035678,803,36,4,1,1,cfg00_g0_c2_s30,0.0,2.0,30,0.7857142857142857
candidate_0609,TCGA-A7-A13G_x12288_y6144_TL,663139510,805,27,4,3,3,cfg00_g0_c2_s30,0.0,2.0,30,0.8571428571428571
candidate_0610,TCGA-Z7-A8R5_x28672_y63488_TR,669342279,809,3,7,6,6,cfg00_g0_c2_s30,0.0,2.0,30,0.8235294117647058
candidate_0611,TCGA-E2-A1AZ_x36864_y16384_TL,1461764480,810,43,8,0,0,cfg00_g0_c2_s30,0.0,2.0,30,0.9056603773584906
candidate_0612,TCGA-BH-A0B7_x21504_y38912_BR,418826762,811,17,1,2,2,cfg00_g0_c2_s30,0.0,2.0,30,0.8947368421052632
candidate_0613,TCGA-B6-A2IU_x46080_y63488_TL,1229213346,815,31,1,7,7,cfg00_g0_c2_s30,0.0,2.0,30,0.6779661016949152
candidate_0614,TCGA-E2-A14U_x94208_y20480_BR,1490409117,816,21,12,1,1,cfg00_g0_c2_s30,0.0,2.0,30,0.7407407407407407
candidate_0615,TCGA-A7-A0D9_x14336_y15360_BR,1811278546,817,22,13,6,6,cfg00_g0_c2_s30,0.0,2.0,30,0.979591836734694
candidate_0616,TCGA-AR-A1AT_x20480_y18432_BR,1003373685,818,59,28,2,2,cfg00_g0_c2_s30,0.0,2.0,30,0.898989898989899
candidate_0617,TCGA-UL-AAZ6_x38912_y63488_BL,2041886910,820,115,9,11,3,cfg01_gm1_c2_s30,-1.0,2.0,30,0.9136690647482014
candidate_0618,TCGA-AO-A0JC_x26624_y9216_BL,976629871,821,351,322,1,1,cfg00_g0_c2_s30,0.0,2.0,30,0.6562962962962963
candidate_0619,TCGA-GI-A2C8_x38912_y24576_BR,347809199,824,16,2,3,3,cfg00_g0_c2_s30,0.0,2.0,30,0.7804878048780488
candidate_0620,TCGA-AR-A0U2_x80896_y29696_BL,2001941372,825,56,1,0,0,cfg00_g0_c2_s30,0.0,2.0,30,0.8493150684931506
candidate_0621,TCGA-AC-A2QJ_x34816_y12288_TL,2123795250,826,18,6,7,7,cfg00_g0_c2_s30,0.0,2.0,30,0.8490566037735849
candidate_0622,TCGA-B6-A0IO_x13312_y17408_TL,783610692,827,11,2,2,2,cfg00_g0_c2_s30,0.0,2.0,30,0.9622641509433962
candidate_0623,TCGA-AC-A23C_x8192_y17408_BR,918496712,828,32,4,1,1,cfg00_g0_c2_s30,0.0,2.0,30,0.8059701492537313
candidate_0624,TCGA-A2-A3XS_x43008_y20480_TL,1298633993,829,67,1,10,2,cfg01_gm1_c2_s30,-1.0,2.0,30,0.7840909090909091
candidate_0625,TCGA-AN-A0AK_x38912_y29696_TL,1722575203,830,79,1,5,5,cfg00_g0_c2_s30,0.0,2.0,30,0.963855421686747
candidate_0626,TCGA-BH-A0DI_x87040_y32768_TL,621896448,831,4,8,11,3,cfg01_gm1_c2_s30,-1.0,2.0,30,0.8823529411764706
candidate_0627,TCGA-LL-A7T0_x91136_y45056_TL,1977645736,832,25,5,2,2,cfg00_g0_c2_s30,0.0,2.0,30,0.7073170731707317
candidate_0628,TCGA-BH-A0B2_x33792_y8192_BL,1218671374,833,2,23,9,1,cfg01_gm1_c2_s30,-1.0,2.0,30,0.796875
candidate_0629,TCGA-D8-A27N_x159744_y43008_BR,1763895675,834,29,1,10,2,cfg01_gm1_c2_s30,-1.0,2.0,30,0.7435897435897436
candidate_0630,TCGA-A8-A08Z_x30720_y77824_TL,21496533,835,23,8,1,1,cfg00_g0_c2_s30,0.0,2.0,30,0.8035714285714286
candidate_0631,TCGA-E2-A15R_x59392_y69632_TR,1513923161,836,2,13,0,0,cfg00_g0_c2_s30,0.0,2.0,30,0.8088235294117647
candidate_0632,TCGA-BH-A0C7_x20480_y45056_TL,1667039860,837,5,87,7,7,cfg00_g0_c2_s30,0.0,2.0,30,0.8656716417910447
candidate_0633,TCGA-B6-A0RS_x54272_y44032_BR,300893617,839,21,1,3,3,cfg00_g0_c2_s30,0.0,2.0,30,0.78
candidate_0634,TCGA-E9-A1RA_x29696_y41984_BL,1576125364,840,6,4,0,0,cfg00_g0_c2_s30,0.0,2.0,30,0.9577464788732394
candidate_0635,TCGA-EW-A423_x40960_y69632_TL,1099335329,841,44,35,7,7,cfg00_g0_c2_s30,0.0,2.0,30,0.8522727272727273
candidate_0636,TCGA-E9-A1NA_x20480_y41984_BR,1154749777,842,46,6,5,5,cfg00_g0_c2_s30,0.0,2.0,30,0.87
candidate_0637,TCGA-D8-A27K_x39936_y78848_TL,1950561536,843,47,4,5,5,cfg00_g0_c2_s30,0.0,2.0,30,0.7397260273972602
candidate_0638,TCGA-A7-A26J_x11264_y17408_BR,2094741542,844,55,1,4,4,cfg00_g0_c2_s30,0.0,2.0,30,0.8313253012048193
candidate_0639,TCGA-A2-A0T4_x74752_y39936_TR,428297996,845,18,4,1,1,cfg00_g0_c2_s30,0.0,2.0,30,0.8163265306122449
candidate_0640,TCGA-D8-A1XZ_x35840_y24576_BR,775220660,846,106,6,0,0,cfg00_g0_c2_s30,0.0,2.0,30,0.8679245283018868
candidate_0641,TCGA-AR-A2LH_x25600_y30720_BL,849951054,848,11,58,4,4,cfg00_g0_c2_s30,0.0,2.0,30,0.8631578947368421
candidate_0642,TCGA-A2-A0CX_x52224_y69632_BL,63595330,849,18,1,5,5,cfg00_g0_c2_s30,0.0,2.0,30,0.8421052631578947
candidate_0643,TCGA-A8-A06N_x26624_y14336_BR,1622148445,850,119,3,3,3,cfg00_g0_c2_s30,0.0,2.0,30,0.8947368421052632
candidate_0644,TCGA-AR-A1AK_x65536_y29696_BR,1069299860,851,99,94,6,6,cfg00_g0_c2_s30,0.0,2.0,30,0.8143459915611815
candidate_0645,TCGA-OL-A5RW_x22528_y15360_TR,1742831236,852,3,5,6,6,cfg00_g0_c2_s30,0.0,2.0,30,0.8148148148148148
candidate_0646,TCGA-S3-AA10_x22528_y29696_TR,1758287845,853,8,158,1,1,cfg00_g0_c2_s30,0.0,2.0,30,0.9242424242424242
candidate_0647,TCGA-A2-A0CM_x16384_y51200_BL,421763946,854,74,3,9,1,cfg01_gm1_c2_s30,-1.0,2.0,30,0.891566265060241
candidate_0648,TCGA-B6-A0RI_x49152_y57344_BL,745537918,855,20,1,15,7,cfg01_gm1_c2_s30,-1.0,2.0,30,0.6
candidate_0649,TCGA-OL-A5RY_x80896_y8192_BL,2046150326,856,4,18,2,2,cfg00_g0_c2_s30,0.0,2.0,30,0.8725490196078431
candidate_0650,TCGA-AN-A0FW_x50176_y21504_TR,1826289839,858,4,4,11,3,cfg01_gm1_c2_s30,-1.0,2.0,30,0.8108108108108109
candidate_0651,TCGA-E2-A1B0_x78848_y5120_TR,1657708318,859,27,31,6,6,cfg00_g0_c2_s30,0.0,2.0,30,0.7211538461538461
candidate_0652,TCGA-D8-A27V_x128000_y45056_TR,980248844,861,3,11,5,5,cfg00_g0_c2_s30,0.0,2.0,30,0.8833333333333333
candidate_0653,TCGA-B6-A0X0_x93184_y28672_BL,1399406851,862,19,4,0,0,cfg00_g0_c2_s30,0.0,2.0,30,0.9583333333333334
candidate_0654,TCGA-AN-A0XT_x32768_y29696_TL,1124039079,863,17,14,3,3,cfg00_g0_c2_s30,0.0,2.0,30,0.7395833333333334
candidate_0655,TCGA-S3-A6ZG_x43008_y32768_BR,1158805238,864,27,8,0,0,cfg00_g0_c2_s30,0.0,2.0,30,0.8260869565217391
candidate_0656,TCGA-E9-A1N4_x39936_y33792_BR,915433167,866,9,12,1,1,cfg00_g0_c2_s30,0.0,2.0,30,0.8067226890756303
candidate_0657,TCGA-A8-A06N_x18432_y24576_TR,2072163177,867,34,1,4,4,cfg00_g0_c2_s30,0.0,2.0,30,0.6268656716417911
candidate_0658,TCGA-E2-A1AZ_x43008_y30720_BR,1929016453,868,19,2,2,2,cfg00_g0_c2_s30,0.0,2.0,30,0.627906976744186
candidate_0659,TCGA-BH-A1F2_x58368_y61440_BL,1112224038,869,25,1,3,3,cfg00_g0_c2_s30,0.0,2.0,30,0.6463414634146342
candidate_0660,TCGA-BH-A18F_x51200_y50176_BR,224795017,871,16,15,3,3,cfg00_g0_c2_s30,0.0,2.0,30,0.7710843373493976
candidate_0661,TCGA-BH-A0H5_x114688_y44032_TL,1604829568,872,124,7,7,7,cfg00_g0_c2_s30,0.0,2.0,30,0.9333333333333332
candidate_0662,TCGA-A8-A07O_x123904_y17408_BL,583370696,873,59,4,2,2,cfg00_g0_c2_s30,0.0,2.0,30,0.9518072289156626
candidate_0663,TCGA-AC-A7VC_x8192_y8192_BR,1396707062,874,68,2,11,3,cfg01_gm1_c2_s30,-1.0,2.0,30,0.8571428571428571
candidate_0664,TCGA-BH-A0HX_x81920_y51200_BR,394717099,875,48,2,3,3,cfg00_g0_c2_s30,0.0,2.0,30,0.7792207792207793
candidate_0665,TCGA-D8-A1JI_x43008_y35840_BR,1435900808,876,36,7,0,0,cfg00_g0_c2_s30,0.0,2.0,30,0.7403846153846154
candidate_0666,TCGA-E9-A1NF_x24576_y64512_TR,293564437,877,8,1,0,0,cfg00_g0_c2_s30,0.0,2.0,30,0.6271186440677966
candidate_0667,TCGA-D8-A13Z_x60416_y57344_BL,303654838,879,11,2,15,7,cfg01_gm1_c2_s30,-1.0,2.0,30,0.8823529411764706
candidate_0668,TCGA-GM-A2DM_x41984_y39936_TL,372334022,880,139,1,6,6,cfg00_g0_c2_s30,0.0,2.0,30,0.9787234042553192
candidate_0669,TCGA-A2-A0SV_x29696_y12288_BL,1045315773,881,44,4,9,1,cfg01_gm1_c2_s30,-1.0,2.0,30,0.8620689655172413
candidate_0670,TCGA-E2-A14W_x69632_y11264_BL,933751518,882,77,1,1,1,cfg00_g0_c2_s30,0.0,2.0,30,0.9444444444444444
candidate_0671,TCGA-BH-A0E1_x53248_y46080_TR,1408479618,884,37,4,15,7,cfg01_gm1_c2_s30,-1.0,2.0,30,0.8
candidate_0672,TCGA-BH-A0HA_x39936_y55296_TL,1747871532,886,41,1,4,4,cfg00_g0_c2_s30,0.0,2.0,30,0.96875
candidate_0673,TCGA-D8-A147_x73728_y34816_TR,274193167,888,11,1,14,6,cfg01_gm1_c2_s30,-1.0,2.0,30,0.8666666666666667
candidate_0674,TCGA-E9-A2JS_x10240_y18432_TR,2116382206,889,19,1,0,0,cfg00_g0_c2_s30,0.0,2.0,30,0.7142857142857143
candidate_0675,HCM-CSHL-0655-C50_x73728_y9216_TR,119465703,890,88,9,10,2,cfg01_gm1_c2_s30,-1.0,2.0,30,0.9166666666666666
candidate_0676,TCGA-EW-A6SC_x34816_y29696_TL,1009439022,891,4,32,2,2,cfg00_g0_c2_s30,0.0,2.0,30,0.7368421052631579
candidate_0677,TCGA-D8-A1JK_x24576_y30720_TR,1736907019,893,16,1,11,3,cfg01_gm1_c2_s30,-1.0,2.0,30,0.6551724137931034
candidate_0678,TCGA-AO-A03P_x22528_y30720_TR,1635321956,895,347,1,12,4,cfg01_gm1_c2_s30,-1.0,2.0,30,0.9942857142857144
candidate_0679,TCGA-E9-A5FK_x84992_y9216_TL,47546416,896,6,6,7,7,cfg00_g0_c2_s30,0.0,2.0,30,0.7297297297297297
candidate_0680,TCGA-BH-A42V_x30720_y26624_TL,112300217,897,30,4,0,0,cfg00_g0_c2_s30,0.0,2.0,30,0.8142857142857143
candidate_0681,TCGA-E9-A1R2_x72704_y35840_BL,1747611171,898,28,1,13,5,cfg01_gm1_c2_s30,-1.0,2.0,30,0.6301369863013698
candidate_0682,TCGA-D8-A27V_x114688_y73728_BR,105372035,899,4,1,4,4,cfg00_g0_c2_s30,0.0,2.0,30,0.7
candidate_0683,TCGA-A2-A1G0_x51200_y56320_TR,1370281441,900,15,5,6,6,cfg00_g0_c2_s30,0.0,2.0,30,0.8656716417910447
candidate_0684,TCGA-AO-A125_x35840_y10240_TL,1317751092,901,53,1,9,1,cfg01_gm1_c2_s30,-1.0,2.0,30,0.835820895522388
candidate_0685,TCGA-GM-A2DL_x22528_y23552_BR,1743692596,903,52,2,1,1,cfg00_g0_c2_s30,0.0,2.0,30,0.8169014084507042
candidate_0686,TCGA-A8-A09E_x41984_y16384_BL,1538586209,904,54,1,7,7,cfg00_g0_c2_s30,0.0,2.0,30,0.8333333333333334
candidate_0687,TCGA-BH-A0B1_x52224_y30720_TL,412266217,905,22,1,7,7,cfg00_g0_c2_s30,0.0,2.0,30,0.7027027027027027
candidate_0688,TCGA-D8-A27L_x48128_y27648_BR,969531580,906,7,18,5,5,cfg00_g0_c2_s30,0.0,2.0,30,0.8208955223880597
candidate_0689,TCGA-A8-A08O_x34816_y12288_TR,1461267677,908,14,6,5,5,cfg00_g0_c2_s30,0.0,2.0,30,0.8095238095238095
candidate_0690,TCGA-A2-A0D4_x49152_y51200_TR,862754767,909,7,10,5,5,cfg00_g0_c2_s30,0.0,2.0,30,0.8490566037735849
candidate_0691,TCGA-AR-A24O_x11264_y22528_BL,2122903122,910,32,15,6,6,cfg00_g0_c2_s30,0.0,2.0,30,0.8028169014084507
candidate_0692,TCGA-AC-A62Y_x138240_y15360_TR,90462124,911,14,4,7,7,cfg00_g0_c2_s30,0.0,2.0,30,0.8469387755102041
candidate_0693,TCGA-GM-A2DN_x73728_y50176_TL,988518929,913,72,5,7,7,cfg00_g0_c2_s30,0.0,2.0,30,0.8613861386138614
candidate_0694,TCGA-A1-A0SQ_x10240_y50176_TR,981880191,914,29,3,4,4,cfg00_g0_c2_s30,0.0,2.0,30,0.9523809523809524
candidate_0695,TCGA-GM-A3NW_x65536_y61440_BR,1393815137,915,2,7,0,0,cfg00_g0_c2_s30,0.0,2.0,30,0.6415094339622641
candidate_0696,TCGA-D8-A1JD_x31744_y13312_TL,1867181303,916,3,1,15,7,cfg01_gm1_c2_s30,-1.0,2.0,30,0.4642857142857143
candidate_0697,TCGA-A8-A06R_x26624_y25600_TR,568709485,917,4,1,1,1,cfg00_g0_c2_s30,0.0,2.0,30,0.775
candidate_0698,TCGA-A8-A085_x25600_y11264_TR,1010894063,918,70,4,0,0,cfg00_g0_c2_s30,0.0,2.0,30,0.8681318681318682
candidate_0699,TCGA-E2-A159_x68608_y64512_BL,991365650,919,55,7,2,2,cfg00_g0_c2_s30,0.0,2.0,30,0.8518518518518519
candidate_0700,TCGA-A8-A08F_x19456_y22528_BL,623618970,920,44,4,4,4,cfg00_g0_c2_s30,0.0,2.0,30,0.7391304347826086
candidate_0701,TCGA-AC-A3YJ_x14336_y15360_BR,1523976951,921,118,1,7,7,cfg00_g0_c2_s30,0.0,2.0,30,1.0
candidate_0702,TCGA-E9-A1R2_x65536_y45056_BR,1420024332,922,12,6,4,4,cfg00_g0_c2_s30,0.0,2.0,30,0.5636363636363636
candidate_0703,TCGA-BH-A0B8_x30720_y23552_TL,1133416117,923,36,1,5,5,cfg00_g0_c2_s30,0.0,2.0,30,0.7848101265822784
candidate_0704,TCGA-E9-A22E_x69632_y21504_TL,634415124,924,15,1,6,6,cfg00_g0_c2_s30,0.0,2.0,30,0.4615384615384615
candidate_0705,TCGA-B6-A0RU_x91136_y51200_TL,1899946964,925,60,2,5,5,cfg00_g0_c2_s30,0.0,2.0,30,0.7578947368421053
candidate_0706,TCGA-D8-A1JN_x9216_y46080_TL,365009097,926,11,4,6,6,cfg00_g0_c2_s30,0.0,2.0,30,0.8536585365853658
candidate_0707,TCGA-E2-A1LE_x52224_y57344_BL,407156057,927,17,3,2,2,cfg00_g0_c2_s30,0.0,2.0,30,0.7142857142857143
candidate_0708,TCGA-E2-A1BC_x62464_y51200_TR,1644674142,928,4,2,6,6,cfg00_g0_c2_s30,0.0,2.0,30,0.9
candidate_0709,TCGA-AR-A24W_x84992_y30720_BR,849294927,929,101,2,4,4,cfg00_g0_c2_s30,0.0,2.0,30,0.8983050847457628
candidate_0710,TCGA-E2-A14Z_x82944_y6144_BL,230174303,930,116,1,7,7,cfg00_g0_c2_s30,0.0,2.0,30,0.9083969465648856
candidate_0711,TCGA-GM-A2DO_x31744_y6144_BL,1229542423,931,126,17,9,1,cfg01_gm1_c2_s30,-1.0,2.0,30,0.8881118881118881
candidate_0712,TCGA-C8-A1HI_x55296_y11264_BL,1186986129,933,44,2,6,6,cfg00_g0_c2_s30,0.0,2.0,30,0.8571428571428571
candidate_0713,TCGA-AO-A0J3_x14336_y24576_TR,2073402086,934,385,8,3,3,cfg00_g0_c2_s30,0.0,2.0,30,0.9773869346733668
candidate_0714,TCGA-E9-A22D_x17408_y45056_TR,513499656,935,17,171,7,7,cfg00_g0_c2_s30,0.0,2.0,30,0.7973568281938326
candidate_0715,TCGA-A8-A09X_x63488_y28672_BL,2146204874,936,28,2,1,1,cfg00_g0_c2_s30,0.0,2.0,30,0.7435897435897436
candidate_0716,TCGA-A7-A0CH_x17408_y29696_BR,1114700933,937,10,5,13,5,cfg01_gm1_c2_s30,-1.0,2.0,30,0.9393939393939394
candidate_0717,TCGA-D8-A1JM_x29696_y30720_TR,702318591,939,78,1,6,6,cfg00_g0_c2_s30,0.0,2.0,30,0.9629629629629628
candidate_0718,TCGA-BH-A18Q_x65536_y32768_BL,1594735708,940,69,1,5,5,cfg00_g0_c2_s30,0.0,2.0,30,0.9239130434782608
candidate_0719,TCGA-B6-A0IQ_x96256_y52224_BR,1025032029,942,71,4,7,7,cfg00_g0_c2_s30,0.0,2.0,30,0.875
candidate_0720,TCGA-3C-AAAU_x89088_y34816_BL,1662848533,943,116,4,2,2,cfg00_g0_c2_s30,0.0,2.0,30,0.9384615384615383
candidate_0721,TCGA-B6-A2IU_x66560_y37888_BL,483386957,944,23,2,1,1,cfg00_g0_c2_s30,0.0,2.0,30,0.7894736842105263
candidate_0722,TCGA-BH-A0BR_x68608_y35840_BR,841480622,945,38,1,1,1,cfg00_g0_c2_s30,0.0,2.0,30,0.9594594594594594
candidate_0723,TCGA-OL-A6VO_x78848_y166912_TL,1614828566,947,70,2,8,0,cfg01_gm1_c2_s30,-1.0,2.0,30,0.9178082191780822
candidate_0724,TCGA-E2-A574_x54272_y32768_TL,1936515174,948,101,2,3,3,cfg00_g0_c2_s30,0.0,2.0,30,0.961904761904762
candidate_0725,TCGA-AC-A2QI_x33792_y31744_BL,607016277,949,43,5,8,0,cfg01_gm1_c2_s30,-1.0,2.0,30,0.627906976744186
candidate_0726,TCGA-E2-A106_x57344_y20480_TR,1636081006,950,36,3,6,6,cfg00_g0_c2_s30,0.0,2.0,30,0.8591549295774648
candidate_0727,TCGA-EW-A2FW_x104448_y48128_TR,700900998,951,122,1,6,6,cfg00_g0_c2_s30,0.0,2.0,30,0.9682539682539684
candidate_0728,TCGA-E2-A1LK_x27648_y49152_TL,1348853752,952,23,2,3,3,cfg00_g0_c2_s30,0.0,2.0,30,0.7407407407407407
candidate_0729,TCGA-BH-A1EV_x51200_y57344_BR,983670013,953,38,2,13,5,cfg01_gm1_c2_s30,-1.0,2.0,30,0.8888888888888888
candidate_0730,TCGA-BH-A0W7_x94208_y31744_TL,154741508,954,12,7,2,2,cfg00_g0_c2_s30,0.0,2.0,30,0.782608695652174
candidate_0731,TCGA-GM-A3NW_x32768_y19456_BR,1753257691,955,50,12,6,6,cfg00_g0_c2_s30,0.0,2.0,30,0.8767123287671232
candidate_0732,TCGA-EW-A6SD_x76800_y43008_BR,107655944,956,84,3,14,6,cfg01_gm1_c2_s30,-1.0,2.0,30,0.9333333333333332
candidate_0733,TCGA-C8-A133_x66560_y34816_TL,80391325,957,40,2,5,5,cfg00_g0_c2_s30,0.0,2.0,30,0.98
candidate_0734,TCGA-E2-A14W_x80896_y18432_TL,1526067756,958,40,2,7,7,cfg00_g0_c2_s30,0.0,2.0,30,0.6847826086956522
candidate_0735,TCGA-BH-A0H6_x40960_y55296_BR,1181739929,959,10,5,0,0,cfg00_g0_c2_s30,0.0,2.0,30,0.6153846153846154
candidate_0736,TCGA-AO-A03T_x31744_y19456_TL,322044814,960,339,1,7,7,cfg00_g0_c2_s30,0.0,2.0,30,0.9504373177842566
candidate_0737,TCGA-AR-A24N_x107520_y37888_TR,1824256786,961,36,12,2,2,cfg00_g0_c2_s30,0.0,2.0,30,0.8073394495412844
candidate_0738,TCGA-OL-A5D6_x25600_y17408_TR,1055750603,962,7,2,7,7,cfg00_g0_c2_s30,0.0,2.0,30,0.6956521739130435
candidate_0739,TCGA-C8-A1HG_x56320_y45056_TL,644403304,963,2,4,1,1,cfg00_g0_c2_s30,0.0,2.0,30,0.7468354430379747
candidate_0740,TCGA-AR-A1AT_x74752_y8192_TL,272990194,964,64,59,3,3,cfg00_g0_c2_s30,0.0,2.0,30,0.8357142857142857
candidate_0741,TCGA-A2-A0YF_x8192_y24576_TR,2093503501,966,7,3,10,2,cfg01_gm1_c2_s30,-1.0,2.0,30,0.8717948717948718
candidate_0742,TCGA-C8-A1HE_x45056_y32768_BL,1580351313,968,22,1,1,1,cfg00_g0_c2_s30,0.0,2.0,30,0.7804878048780488
candidate_0743,TCGA-C8-A1HM_x18432_y47104_BL,708218312,969,3,31,6,6,cfg00_g0_c2_s30,0.0,2.0,30,0.7702702702702703
candidate_0744,TCGA-AC-A3TM_x66560_y28672_TR,1755988387,970,60,1,6,6,cfg00_g0_c2_s30,0.0,2.0,30,0.8414634146341463
candidate_0745,TCGA-E9-A1NF_x19456_y35840_BL,1187335187,971,23,1,3,3,cfg00_g0_c2_s30,0.0,2.0,30,0.7469879518072289
candidate_0746,TCGA-A8-A094_x25600_y12288_TR,414823748,973,64,5,12,4,cfg01_gm1_c2_s30,-1.0,2.0,30,0.7857142857142857
candidate_0747,TCGA-E9-A1RF_x26624_y32768_BR,1395050808,974,45,2,10,2,cfg01_gm1_c2_s30,-1.0,2.0,30,0.8225806451612904
candidate_0748,TCGA-UL-AAZ6_x57344_y70656_BR,164619538,975,14,2,12,4,cfg01_gm1_c2_s30,-1.0,2.0,30,0.9591836734693876
candidate_0749,TCGA-BH-A0W7_x72704_y26624_TL,466465287,976,12,15,6,6,cfg00_g0_c2_s30,0.0,2.0,30,0.8703703703703703
candidate_0750,TCGA-A8-A079_x44032_y34816_TR,725900174,977,82,1,9,1,cfg01_gm1_c2_s30,-1.0,2.0,30,0.875
candidate_0751,TCGA-D8-A27R_x13312_y33792_BL,977982973,978,36,8,2,2,cfg00_g0_c2_s30,0.0,2.0,30,0.7558139534883721
candidate_0752,TCGA-EW-A1J6_x74752_y29696_BL,829019406,980,96,1,5,5,cfg00_g0_c2_s30,0.0,2.0,30,0.9595959595959596
candidate_0753,TCGA-E2-A150_x10240_y20480_TL,1960791705,981,44,3,10,2,cfg01_gm1_c2_s30,-1.0,2.0,30,0.7868852459016393
candidate_0754,TCGA-A2-A04P_x125952_y54272_BR,646721967,982,31,37,7,7,cfg00_g0_c2_s30,0.0,2.0,30,0.7669172932330827
candidate_0755,TCGA-AC-A2BK_x14336_y8192_BR,236389244,983,14,161,7,7,cfg00_g0_c2_s30,0.0,2.0,30,0.8465116279069768
candidate_0756,TCGA-AC-A3YJ_x26624_y7168_BR,730355634,985,73,6,0,0,cfg00_g0_c2_s30,0.0,2.0,30,0.927007299270073
candidate_0757,TCGA-A7-A13F_x71680_y10240_TL,824428982,986,9,1,4,4,cfg00_g0_c2_s30,0.0,2.0,30,0.8823529411764706
candidate_0758,TCGA-E2-A1AZ_x12288_y60416_TL,1445490628,987,20,1,5,5,cfg00_g0_c2_s30,0.0,2.0,30,0.75
candidate_0759,TCGA-BH-A18P_x31744_y51200_BL,138672574,989,83,3,5,5,cfg00_g0_c2_s30,0.0,2.0,30,0.9438202247191012
candidate_0760,TCGA-A7-A26J_x110592_y20480_BL,273975437,991,26,11,4,4,cfg00_g0_c2_s30,0.0,2.0,30,0.7524752475247525
candidate_0761,TCGA-BH-A0HU_x69632_y30720_TL,2064846747,992,2,1,0,0,cfg00_g0_c2_s30,0.0,2.0,30,0.2
candidate_0762,TCGA-EW-A1PC_x49152_y11264_BR,1119945290,993,37,5,5,5,cfg00_g0_c2_s30,0.0,2.0,30,0.8108108108108109
candidate_0763,TCGA-BH-A0E7_x70656_y38912_BL,235396995,995,94,1,7,7,cfg00_g0_c2_s30,0.0,2.0,30,0.9801980198019802
candidate_0764,TCGA-E2-A570_x75776_y17408_TL,2053438613,996,10,4,10,2,cfg01_gm1_c2_s30,-1.0,2.0,30,0.8627450980392157
candidate_0765,TCGA-EW-A424_x56320_y41984_TR,2141980646,997,33,1,6,6,cfg00_g0_c2_s30,0.0,2.0,30,0.7974683544303798
candidate_0766,TCGA-A2-A0SU_x63488_y33792_BR,9842589,998,47,97,2,2,cfg00_g0_c2_s30,0.0,2.0,30,0.7309941520467836
candidate_0767,TCGA-A7-A0CD_x23552_y30720_TR,1545531102,999,54,5,4,4,cfg00_g0_c2_s30,0.0,2.0,30,0.9066666666666666
candidate_0768,TCGA-AR-A1AU_x9216_y19456_BR,237459734,1000,4,83,5,5,cfg00_g0_c2_s30,0.0,2.0,30,0.9363636363636364
candidate_0769,TCGA-BH-A0AY_x97280_y26624_BR,1027112110,1001,5,6,3,3,cfg00_g0_c2_s30,0.0,2.0,30,0.7285714285714285
candidate_0770,TCGA-A7-A6VX_x65536_y16384_TR,1140107340,1002,69,1,0,0,cfg00_g0_c2_s30,0.0,2.0,30,0.935897435897436
candidate_0771,TCGA-D8-A1Y2_x13312_y24576_BL,1345418400,1003,10,2,8,0,cfg01_gm1_c2_s30,-1.0,2.0,30,0.8604651162790697
candidate_0772,TCGA-A8-A075_x14336_y40960_TR,1990038547,1004,38,1,14,6,cfg01_gm1_c2_s30,-1.0,2.0,30,0.7758620689655172
candidate_0773,TCGA-D8-A3Z6_x50176_y9216_BL,524289222,1006,24,1,0,0,cfg00_g0_c2_s30,0.0,2.0,30,0.78
candidate_0774,TCGA-AN-A0AL_x38912_y49152_TR,1393691780,1007,124,8,7,7,cfg00_g0_c2_s30,0.0,2.0,30,0.8831168831168831
candidate_0775,TCGA-BH-A0BT_x23552_y14336_TR,1840463444,1008,45,8,2,2,cfg00_g0_c2_s30,0.0,2.0,30,0.8428571428571429
candidate_0776,TCGA-A2-A0D4_x54272_y24576_TL,1251031454,1009,9,124,1,1,cfg00_g0_c2_s30,0.0,2.0,30,0.8430232558139535
candidate_0777,TCGA-A2-A0YJ_x46080_y25600_BR,1641475156,1010,36,7,2,2,cfg00_g0_c2_s30,0.0,2.0,30,0.8225806451612904
candidate_0778,TCGA-BH-A0HI_x47104_y56320_TR,1650572083,1011,38,1,15,7,cfg01_gm1_c2_s30,-1.0,2.0,30,0.76
candidate_0779,TCGA-A2-A25C_x40960_y62464_TR,1009281852,1012,67,1,6,6,cfg00_g0_c2_s30,0.0,2.0,30,0.8977272727272727
candidate_0780,TCGA-BH-A0BA_x84992_y27648_TL,1611981063,1013,106,9,0,0,cfg00_g0_c2_s30,0.0,2.0,30,0.8682170542635659
candidate_0781,TCGA-BH-A209_x115712_y61440_TR,1694201077,1014,26,62,6,6,cfg00_g0_c2_s30,0.0,2.0,30,0.743421052631579
candidate_0782,TCGA-D8-A1XY_x25600_y36864_TL,136125047,1016,55,2,0,0,cfg00_g0_c2_s30,0.0,2.0,30,0.8676470588235294
candidate_0783,TCGA-AR-A24X_x34816_y25600_BR,1521520089,1018,90,2,6,6,cfg00_g0_c2_s30,0.0,2.0,30,0.8636363636363636
candidate_0784,TCGA-EW-A1P5_x69632_y31744_TL,1410211344,1019,23,3,3,3,cfg00_g0_c2_s30,0.0,2.0,30,0.8421052631578947
candidate_0785,TCGA-D8-A1JJ_x23552_y49152_TR,1765091105,1020,6,17,4,4,cfg00_g0_c2_s30,0.0,2.0,30,0.8762886597938144
candidate_0786,TCGA-AN-A0XP_x32768_y21504_BL,819984463,1021,17,1,10,2,cfg01_gm1_c2_s30,-1.0,2.0,30,0.7755102040816326
candidate_0787,TCGA-AN-A0FF_x18432_y46080_BL,465606583,1022,87,2,3,3,cfg00_g0_c2_s30,0.0,2.0,30,0.8275862068965517
candidate_0788,TCGA-AN-A0FW_x49152_y28672_BL,1580438193,1023,4,28,10,2,cfg01_gm1_c2_s30,-1.0,2.0,30,0.7721518987341772
candidate_0789,TCGA-A7-A26G_x34816_y15360_BR,1768682311,1024,24,5,7,7,cfg00_g0_c2_s30,0.0,2.0,30,0.8133333333333334
candidate_0790,TCGA-AR-A24R_x81920_y15360_BL,246431319,1025,127,17,1,1,cfg00_g0_c2_s30,0.0,2.0,30,0.8846153846153846
candidate_0791,TCGA-E9-A1R0_x32768_y46080_BR,1463017255,1026,34,3,5,5,cfg00_g0_c2_s30,0.0,2.0,30,0.64
candidate_0792,TCGA-AC-A23H_x21504_y10240_BR,51282752,1028,9,5,5,5,cfg00_g0_c2_s30,0.0,2.0,30,0.7580645161290323
candidate_0793,TCGA-AR-A1AR_x14336_y23552_TL,107408274,1029,130,1,5,5,cfg00_g0_c2_s30,0.0,2.0,30,0.9924242424242424
candidate_0794,TCGA-E2-A159_x40960_y53248_BR,1314684064,1030,50,7,0,0,cfg00_g0_c2_s30,0.0,2.0,30,0.7428571428571429
candidate_0795,TCGA-AR-A5QM_x77824_y33792_TR,1497291914,1031,3,4,14,6,cfg01_gm1_c2_s30,-1.0,2.0,30,0.782608695652174
candidate_0796,TCGA-AR-A5QQ_x112640_y47104_TR,174999117,1033,68,12,3,3,cfg00_g0_c2_s30,0.0,2.0,30,0.9625
candidate_0797,TCGA-A1-A0SI_x26624_y46080_TR,1974364391,1034,3,49,6,6,cfg00_g0_c2_s30,0.0,2.0,30,0.8602150537634409
candidate_0798,TCGA-BH-A0AZ_x51200_y53248_TL,1470498990,1036,8,3,15,7,cfg01_gm1_c2_s30,-1.0,2.0,30,0.7727272727272727
candidate_0799,TCGA-GM-A2DB_x64512_y10240_BL,1631988415,1037,10,10,1,1,cfg00_g0_c2_s30,0.0,2.0,30,0.8095238095238095
candidate_0800,TCGA-A7-A13E_x102400_y34816_TR,112884299,1039,7,2,5,5,cfg00_g0_c2_s30,0.0,2.0,30,0.2307692307692307
candidate_0801,TCGA-D8-A27T_x56320_y41984_TL,15017185,1040,48,1,7,7,cfg00_g0_c2_s30,0.0,2.0,30,0.9285714285714286
candidate_0802,TCGA-BH-A1EW_x21504_y18432_TL,718645764,1041,26,3,14,6,cfg01_gm1_c2_s30,-1.0,2.0,30,0.7647058823529411
candidate_0803,TCGA-S3-AA10_x57344_y27648_BR,2007952963,1042,5,228,3,3,cfg00_g0_c2_s30,0.0,2.0,30,0.9525691699604744
candidate_0804,TCGA-BH-A0BS_x74752_y62464_TR,899093339,1043,2,6,1,1,cfg00_g0_c2_s30,0.0,2.0,30,0.8679245283018868
candidate_0805,TCGA-D8-A1XL_x46080_y16384_BR,327599872,1044,108,2,5,5,cfg00_g0_c2_s30,0.0,2.0,30,0.9478260869565216
candidate_0806,TCGA-AR-A2LE_x45056_y17408_TR,1370525634,1045,42,3,4,4,cfg00_g0_c2_s30,0.0,2.0,30,0.75
candidate_0807,TCGA-BH-A0BZ_x77824_y24576_TR,947832452,1047,56,10,10,2,cfg01_gm1_c2_s30,-1.0,2.0,30,0.8181818181818182
candidate_0808,TCGA-AO-A0JE_x142336_y38912_TR,208098406,1048,35,12,6,6,cfg00_g0_c2_s30,0.0,2.0,30,0.8440366972477065
candidate_0809,TCGA-C8-A1HJ_x69632_y22528_TR,1079458481,1049,8,61,7,7,cfg00_g0_c2_s30,0.0,2.0,30,0.7983193277310925
candidate_0810,TCGA-E2-A1LH_x30720_y33792_TR,723411311,1050,26,6,5,5,cfg00_g0_c2_s30,0.0,2.0,30,0.8148148148148148
candidate_0811,TCGA-AR-A24H_x87040_y15360_TL,74654459,1052,130,1,10,2,cfg01_gm1_c2_s30,-1.0,2.0,30,0.9366197183098592
candidate_0812,TCGA-C8-A1HF_x14336_y45056_BL,1197219252,1053,39,35,0,0,cfg00_g0_c2_s30,0.0,2.0,30,0.8275862068965517
candidate_0813,TCGA-BH-A209_x45056_y23552_TR,2134949793,1055,94,24,6,6,cfg00_g0_c2_s30,0.0,2.0,30,0.9016393442622952
candidate_0814,TCGA-OL-A5RU_x92160_y21504_TR,1120212952,1056,9,14,6,6,cfg00_g0_c2_s30,0.0,2.0,30,0.7181818181818181
candidate_0815,TCGA-BH-A0BL_x26624_y48128_BL,1437117522,1057,32,54,7,7,cfg00_g0_c2_s30,0.0,2.0,30,0.7985074626865671
candidate_0816,TCGA-BH-A0BG_x60416_y45056_BR,150931279,1058,24,25,1,1,cfg00_g0_c2_s30,0.0,2.0,30,0.7228915662650602
candidate_0817,TCGA-C8-A27B_x63488_y24576_BL,174484373,1060,114,19,3,3,cfg00_g0_c2_s30,0.0,2.0,30,0.9407407407407408
candidate_0818,TCGA-B6-A0WT_x25600_y51200_BL,968432501,1061,10,4,5,5,cfg00_g0_c2_s30,0.0,2.0,30,0.875
candidate_0819,TCGA-A1-A0SF_x34816_y19456_TL,1774190963,1062,54,25,3,3,cfg00_g0_c2_s30,0.0,2.0,30,0.7878787878787878
candidate_0820,TCGA-A2-A1FW_x55296_y17408_BR,664560664,1063,39,19,0,0,cfg00_g0_c2_s30,0.0,2.0,30,0.8050847457627118
candidate_0821,TCGA-E9-A1NI_x18432_y23552_TR,1677232905,1064,26,3,1,1,cfg00_g0_c2_s30,0.0,2.0,30,0.7464788732394366
candidate_0822,TCGA-BH-A0AW_x51200_y16384_BR,515213586,1065,7,242,6,6,cfg00_g0_c2_s30,0.0,2.0,30,0.9457364341085271
candidate_0823,TCGA-AR-A1AN_x100352_y33792_BL,1942341332,1066,23,6,1,1,cfg00_g0_c2_s30,0.0,2.0,30,0.958904109589041
candidate_0824,TCGA-BH-A1FL_x18432_y40960_BR,2082403988,1067,9,5,8,0,cfg01_gm1_c2_s30,-1.0,2.0,30,0.8387096774193549
candidate_0825,TCGA-AR-A0TP_x25600_y12288_BL,75702526,1068,2,6,0,0,cfg00_g0_c2_s30,0.0,2.0,30,0.875
candidate_0826,TCGA-AO-A0J2_x12288_y4096_TL,1324900861,1069,43,10,3,3,cfg00_g0_c2_s30,0.0,2.0,30,0.8051948051948052
candidate_0827,TCGA-AR-A2LH_x84992_y35840_BL,604578449,1070,3,39,14,6,cfg01_gm1_c2_s30,-1.0,2.0,30,0.8333333333333334
candidate_0828,TCGA-A8-A09X_x72704_y36864_BR,1160609583,1071,25,14,5,5,cfg00_g0_c2_s30,0.0,2.0,30,0.7105263157894737
candidate_0829,TCGA-A8-A06Y_x26624_y23552_BR,183174056,1072,37,1,13,5,cfg01_gm1_c2_s30,-1.0,2.0,30,0.875
candidate_0830,TCGA-A2-A0T3_x135168_y21504_TR,1715987825,1073,3,15,0,0,cfg00_g0_c2_s30,0.0,2.0,30,0.8157894736842105
candidate_0831,TCGA-BH-A0DL_x65536_y31744_TR,855946208,1074,3,116,11,3,cfg01_gm1_c2_s30,-1.0,2.0,30,0.7584269662921348
candidate_0832,TCGA-D8-A27R_x59392_y41984_TL,1422285373,1075,9,7,13,5,cfg01_gm1_c2_s30,-1.0,2.0,30,0.8787878787878788
candidate_0833,TCGA-A2-A0ET_x43008_y79872_TL,641109008,1076,80,13,0,0,cfg00_g0_c2_s30,0.0,2.0,30,0.8
candidate_0834,TCGA-OL-A6VO_x68608_y154624_TR,759405709,1077,50,1,2,2,cfg00_g0_c2_s30,0.0,2.0,30,0.9622641509433962
candidate_0835,TCGA-BH-A8FZ_x21504_y12288_TL,1962821768,1078,13,2,12,4,cfg01_gm1_c2_s30,-1.0,2.0,30,0.7948717948717948
candidate_0836,TCGA-A8-A09G_x20480_y36864_BL,661536192,1079,63,3,8,0,cfg01_gm1_c2_s30,-1.0,2.0,30,0.9264705882352942
candidate_0837,TCGA-A7-A6VX_x123904_y17408_TL,1060109943,1080,48,5,3,3,cfg00_g0_c2_s30,0.0,2.0,30,0.9146341463414634
candidate_0838,TCGA-BH-A0BG_x58368_y23552_BR,14950184,1081,26,2,0,0,cfg00_g0_c2_s30,0.0,2.0,30,0.8627450980392157
candidate_0839,TCGA-BH-A0HP_x34816_y56320_BL,423059976,1082,3,2,5,5,cfg00_g0_c2_s30,0.0,2.0,30,0.8928571428571429
candidate_0840,TCGA-D8-A1JN_x9216_y46080_TR,309862402,1083,4,3,9,1,cfg01_gm1_c2_s30,-1.0,2.0,30,0.85
candidate_0841,TCGA-AO-A0JI_x69632_y11264_TL,1442494368,1085,8,22,8,0,cfg01_gm1_c2_s30,-1.0,2.0,30,0.5057471264367817
candidate_0842,TCGA-A8-A09I_x27648_y26624_BR,1206346372,1086,20,2,0,0,cfg00_g0_c2_s30,0.0,2.0,30,0.7627118644067796
candidate_0843,TCGA-EW-A3U0_x118784_y28672_BL,1610458400,1087,12,30,2,2,cfg00_g0_c2_s30,0.0,2.0,30,0.6805555555555556
candidate_0844,TCGA-BH-AB28_x63488_y17408_TL,1042436648,1088,150,1,2,2,cfg00_g0_c2_s30,0.0,2.0,30,0.961783439490446
candidate_0845,TCGA-EW-A1P5_x172032_y45056_TR,444033008,1089,36,1,10,2,cfg01_gm1_c2_s30,-1.0,2.0,30,0.7755102040816326
candidate_0846,TCGA-E9-A1RE_x18432_y43008_BR,1562805081,1090,114,2,0,0,cfg00_g0_c2_s30,0.0,2.0,30,0.9224806201550388
candidate_0847,TCGA-B6-A0RT_x28672_y29696_BL,1525020371,1091,5,57,3,3,cfg00_g0_c2_s30,0.0,2.0,30,0.7796610169491526
candidate_0848,TCGA-AN-A04D_x8192_y20480_BR,320203905,1092,12,4,4,4,cfg00_g0_c2_s30,0.0,2.0,30,0.8666666666666667
candidate_0849,TCGA-E2-A1LB_x52224_y65536_BR,1044834860,1094,17,3,12,4,cfg01_gm1_c2_s30,-1.0,2.0,30,0.8181818181818182
candidate_0850,TCGA-BH-A0BG_x58368_y23552_TR,110413685,1095,17,5,5,5,cfg00_g0_c2_s30,0.0,2.0,30,0.8461538461538461
candidate_0851,TCGA-BH-A18P_x37888_y45056_TR,2147212300,1096,85,2,3,3,cfg00_g0_c2_s30,0.0,2.0,30,0.8490566037735849
candidate_0852,TCGA-A8-A08A_x63488_y43008_TL,78885303,1097,47,1,12,4,cfg01_gm1_c2_s30,-1.0,2.0,30,0.9807692307692308
candidate_0853,TCGA-E2-A15P_x61440_y37888_TR,79366459,1098,58,1,0,0,cfg00_g0_c2_s30,0.0,2.0,30,0.8026315789473685
candidate_0854,TCGA-A7-A13G_x66560_y21504_BL,1430753120,1099,4,6,5,5,cfg00_g0_c2_s30,0.0,2.0,30,0.7111111111111111
candidate_0855,TCGA-A8-A0AB_x13312_y17408_BL,786396711,1100,32,2,15,7,cfg01_gm1_c2_s30,-1.0,2.0,30,0.8461538461538461
candidate_0856,TCGA-AR-A0U3_x83968_y51200_TL,102025210,1101,94,22,4,4,cfg00_g0_c2_s30,0.0,2.0,30,0.7586206896551724
candidate_0857,TCGA-LD-A66U_x60416_y40960_BR,1081549217,1103,75,3,0,0,cfg00_g0_c2_s30,0.0,2.0,30,0.822429906542056
candidate_0858,TCGA-BH-AB28_x61440_y23552_BL,612716119,1104,7,7,1,1,cfg00_g0_c2_s30,0.0,2.0,30,0.6842105263157895
candidate_0859,TCGA-A7-A6VX_x20480_y18432_TL,892706419,1105,52,8,2,2,cfg00_g0_c2_s30,0.0,2.0,30,0.8068181818181818
candidate_0860,TCGA-B6-A0IM_x73728_y13312_BL,1425493433,1108,127,1,2,2,cfg00_g0_c2_s30,0.0,2.0,30,1.0
candidate_0861,TCGA-EW-A1PH_x22528_y47104_BR,2130790371,1109,55,1,6,6,cfg00_g0_c2_s30,0.0,2.0,30,0.9166666666666666
candidate_0862,TCGA-E2-A14V_x61440_y39936_TR,1540503043,1111,38,5,2,2,cfg00_g0_c2_s30,0.0,2.0,30,0.6470588235294118
candidate_0863,TCGA-C8-A12N_x49152_y31744_BR,814558785,1112,22,2,5,5,cfg00_g0_c2_s30,0.0,2.0,30,0.7586206896551724
candidate_0864,TCGA-B6-A0IG_x71680_y50176_TL,1278355269,1113,56,2,8,0,cfg01_gm1_c2_s30,-1.0,2.0,30,0.8172043010752689
candidate_0865,TCGA-S3-A6ZG_x14336_y23552_BL,1285572410,1114,8,1,3,3,cfg00_g0_c2_s30,0.0,2.0,30,0.7520661157024794
candidate_0866,TCGA-C8-A138_x60416_y24576_TL,1960981134,1115,73,10,8,0,cfg01_gm1_c2_s30,-1.0,2.0,30,0.797752808988764
candidate_0867,TCGA-C8-A12U_x61440_y15360_TR,354966132,1116,45,12,12,4,cfg01_gm1_c2_s30,-1.0,2.0,30,0.7849462365591398
candidate_0868,TCGA-A8-A07W_x44032_y81920_BR,774992513,1117,86,2,14,6,cfg01_gm1_c2_s30,-1.0,2.0,30,0.935483870967742
candidate_0869,TCGA-AR-A1AT_x94208_y39936_TL,190371381,1118,50,6,4,4,cfg00_g0_c2_s30,0.0,2.0,30,0.8481012658227848
candidate_0870,TCGA-E2-A1B5_x65536_y23552_TR,1185863742,1119,2,29,3,3,cfg00_g0_c2_s30,0.0,2.0,30,0.8955223880597015
candidate_0871,TCGA-A2-A0CW_x65536_y47104_TR,534538756,1120,38,18,3,3,cfg00_g0_c2_s30,0.0,2.0,30,0.775
candidate_0872,TCGA-LL-A5YL_x51200_y47104_BR,1074444309,1121,10,3,4,4,cfg00_g0_c2_s30,0.0,2.0,30,0.7692307692307693
candidate_0873,TCGA-BH-A0HU_x44032_y35840_TL,1497774241,1122,26,1,0,0,cfg00_g0_c2_s30,0.0,2.0,30,0.8909090909090909
candidate_0874,TCGA-AR-A0TT_x44032_y21504_BR,512765924,1123,53,32,7,7,cfg00_g0_c2_s30,0.0,2.0,30,0.8380281690140845
candidate_0875,TCGA-A2-A3XX_x63488_y40960_BL,582457151,1124,51,2,6,6,cfg00_g0_c2_s30,0.0,2.0,30,0.75
candidate_0876,TCGA-E2-A15F_x67584_y56320_TL,378564412,1125,37,8,0,0,cfg00_g0_c2_s30,0.0,2.0,30,0.7714285714285715
candidate_0877,TCGA-BH-A0BZ_x90112_y24576_BL,722285309,1126,8,7,7,7,cfg00_g0_c2_s30,0.0,2.0,30,0.7857142857142857
candidate_0878,TCGA-D8-A1JD_x44032_y49152_TL,1528141848,1127,37,2,13,5,cfg01_gm1_c2_s30,-1.0,2.0,30,0.8243243243243243
candidate_0879,TCGA-A8-A0A7_x22528_y35840_BR,2042332908,1129,21,21,7,7,cfg00_g0_c2_s30,0.0,2.0,30,0.6666666666666666
candidate_0880,TCGA-A2-A0YJ_x24576_y15360_BR,2029544019,1130,88,6,6,6,cfg00_g0_c2_s30,0.0,2.0,30,0.8571428571428571
candidate_0881,TCGA-A2-A0SW_x66560_y28672_TL,1721383351,1131,8,2,14,6,cfg01_gm1_c2_s30,-1.0,2.0,30,0.5333333333333333
candidate_0882,TCGA-BH-A0C7_x73728_y50176_BR,1881520137,1132,16,2,8,0,cfg01_gm1_c2_s30,-1.0,2.0,30,0.9111111111111112
candidate_0883,TCGA-E9-A1N5_x54272_y20480_TR,2144294509,1133,2,9,2,2,cfg00_g0_c2_s30,0.0,2.0,30,0.8467741935483871
candidate_0884,TCGA-A8-A08B_x9216_y62464_BL,541979510,1134,29,2,14,6,cfg01_gm1_c2_s30,-1.0,2.0,30,0.8604651162790697
candidate_0885,TCGA-A8-A06Y_x26624_y23552_TR,224138288,1135,47,1,0,0,cfg00_g0_c2_s30,0.0,2.0,30,0.9074074074074074
candidate_0886,TCGA-AR-A1AU_x93184_y61440_BR,1048227661,1136,47,2,3,3,cfg00_g0_c2_s30,0.0,2.0,30,0.9152542372881356
candidate_0887,TCGA-EW-A2FS_x20480_y76800_BL,1179399935,1137,4,14,15,7,cfg01_gm1_c2_s30,-1.0,2.0,30,0.8292682926829268
candidate_0888,TCGA-A8-A09T_x12288_y25600_TL,519810617,1138,3,4,3,3,cfg00_g0_c2_s30,0.0,2.0,30,0.9615384615384616
candidate_0889,TCGA-E2-A14T_x65536_y41984_TL,817866551,1140,34,3,7,7,cfg00_g0_c2_s30,0.0,2.0,30,0.7021276595744681
candidate_0890,TCGA-C8-A12T_x48128_y45056_BR,1284192283,1141,21,2,4,4,cfg00_g0_c2_s30,0.0,2.0,30,0.7741935483870968
candidate_0891,TCGA-EW-A423_x70656_y69632_BL,1652485973,1142,25,7,0,0,cfg00_g0_c2_s30,0.0,2.0,30,0.875
candidate_0892,TCGA-D8-A1X9_x27648_y66560_TL,1706067108,1143,51,2,0,0,cfg00_g0_c2_s30,0.0,2.0,30,0.796875
candidate_0893,TCGA-S3-AA10_x40960_y3072_BR,1901187551,1144,28,41,4,4,cfg00_g0_c2_s30,0.0,2.0,30,0.695906432748538
candidate_0894,TCGA-AC-A3YJ_x33792_y18432_BR,366474506,1145,117,3,15,7,cfg01_gm1_c2_s30,-1.0,2.0,30,0.8636363636363636
candidate_0895,TCGA-D8-A1JM_x26624_y35840_TR,1236905589,1146,72,8,2,2,cfg00_g0_c2_s30,0.0,2.0,30,0.8804347826086957
candidate_0896,TCGA-D8-A1JD_x37888_y54272_TL,409200496,1149,17,1,0,0,cfg00_g0_c2_s30,0.0,2.0,30,0.6153846153846154
candidate_0897,TCGA-B6-A0X5_x93184_y38912_BL,1108639672,1150,168,1,8,0,cfg01_gm1_c2_s30,-1.0,2.0,30,0.9883040935672516
candidate_0898,TCGA-A2-A0ES_x56320_y41984_TL,517953814,1151,47,17,3,3,cfg00_g0_c2_s30,0.0,2.0,30,0.8666666666666667
candidate_0899,TCGA-C8-A12Q_x51200_y50176_BL,923624965,1152,4,2,11,3,cfg01_gm1_c2_s30,-1.0,2.0,30,0.7391304347826086
candidate_0900,TCGA-AQ-A54N_x34816_y33792_TL,39331386,1153,109,1,8,0,cfg01_gm1_c2_s30,-1.0,2.0,30,0.9821428571428572
candidate_0901,TCGA-D8-A3Z6_x34816_y27648_BL,483607873,1154,25,1,3,3,cfg00_g0_c2_s30,0.0,2.0,30,0.6829268292682927
candidate_0902,TCGA-AR-A1AY_x23552_y28672_BL,881103340,1156,71,4,3,3,cfg00_g0_c2_s30,0.0,2.0,30,0.768595041322314
candidate_0903,TCGA-BH-A5J0_x51200_y52224_BR,1454340408,1157,27,2,4,4,cfg00_g0_c2_s30,0.0,2.0,30,0.86
candidate_0904,TCGA-C8-A12M_x27648_y44032_TR,136829749,1159,70,80,0,0,cfg00_g0_c2_s30,0.0,2.0,30,0.7182539682539683
candidate_0905,TCGA-GI-A2C8_x36864_y27648_TL,2068839514,1160,14,6,0,0,cfg00_g0_c2_s30,0.0,2.0,30,0.7532467532467533
candidate_0906,TCGA-BH-A209_x25600_y65536_BR,209416643,1161,2,120,5,5,cfg00_g0_c2_s30,0.0,2.0,30,0.902097902097902
candidate_0907,TCGA-A2-A3XU_x35840_y59392_BL,633458001,1162,64,2,5,5,cfg00_g0_c2_s30,0.0,2.0,30,0.9154929577464788
candidate_0908,TCGA-C8-A8HR_x11264_y44032_BR,996611578,1163,74,2,0,0,cfg00_g0_c2_s30,0.0,2.0,30,0.8390804597701149
candidate_0909,TCGA-AO-A03V_x18432_y24576_TL,2139706551,1165,16,7,11,3,cfg01_gm1_c2_s30,-1.0,2.0,30,0.7681159420289855
candidate_0910,TCGA-A8-A08R_x31744_y11264_BL,2034002181,1166,16,77,3,3,cfg00_g0_c2_s30,0.0,2.0,30,0.7704918032786885
candidate_0911,TCGA-E2-A14V_x60416_y56320_TR,122561594,1167,53,1,10,2,cfg01_gm1_c2_s30,-1.0,2.0,30,0.9629629629629628
candidate_0912,TCGA-AO-A1KR_x36864_y27648_TL,1073308263,1169,155,211,8,0,cfg01_gm1_c2_s30,-1.0,2.0,30,0.8560794044665012
candidate_0913,TCGA-A2-A0CO_x80896_y54272_BL,200921922,1170,7,1,14,6,cfg01_gm1_c2_s30,-1.0,2.0,30,0.6176470588235294
candidate_0914,TCGA-BH-A18F_x68608_y47104_BL,1676337236,1172,7,4,4,4,cfg00_g0_c2_s30,0.0,2.0,30,0.8275862068965517
candidate_0915,TCGA-AR-A24W_x76800_y31744_BR,1949787369,1173,3,5,4,4,cfg00_g0_c2_s30,0.0,2.0,30,0.6666666666666666
candidate_0916,TCGA-A8-A092_x37888_y13312_TL,129012031,1174,12,1,1,1,cfg00_g0_c2_s30,0.0,2.0,30,0.711864406779661
candidate_0917,TCGA-LL-A6FQ_x46080_y20480_BR,574929976,1175,43,1,13,5,cfg01_gm1_c2_s30,-1.0,2.0,30,0.8524590163934426
candidate_0918,TCGA-AO-A129_x23552_y15360_TR,1680034488,1176,89,338,11,3,cfg01_gm1_c2_s30,-1.0,2.0,30,0.9675925925925926
candidate_0919,TCGA-GM-A3XL_x67584_y39936_BL,609629039,1177,26,9,3,3,cfg00_g0_c2_s30,0.0,2.0,30,0.6534653465346535
candidate_0920,TCGA-AO-A12C_x56320_y17408_BR,1248866982,1178,8,7,0,0,cfg00_g0_c2_s30,0.0,2.0,30,0.7951807228915663
candidate_0921,TCGA-S3-A6ZH_x9216_y20480_BR,147981644,1179,52,3,0,0,cfg00_g0_c2_s30,0.0,2.0,30,0.8271604938271605
candidate_0922,TCGA-AQ-A0Y5_x15360_y32768_BL,1834329898,1180,16,18,15,7,cfg01_gm1_c2_s30,-1.0,2.0,30,0.8363636363636363
candidate_0923,TCGA-3C-AAAU_x93184_y28672_BR,840042626,1183,123,3,8,0,cfg01_gm1_c2_s30,-1.0,2.0,30,0.9774436090225564
candidate_0924,TCGA-AC-A2BM_x24576_y15360_BR,1143609143,1185,110,2,11,3,cfg01_gm1_c2_s30,-1.0,2.0,30,0.8787878787878788
candidate_0925,TCGA-EW-A423_x70656_y69632_BR,289421092,1187,11,5,6,6,cfg00_g0_c2_s30,0.0,2.0,30,0.7931034482758621
candidate_0926,TCGA-AR-A2LH_x84992_y35840_BR,1048645173,1188,2,24,6,6,cfg00_g0_c2_s30,0.0,2.0,30,0.9206349206349206
candidate_0927,TCGA-A2-A0CX_x49152_y74752_TL,100208880,1191,7,6,4,4,cfg00_g0_c2_s30,0.0,2.0,30,0.7941176470588235
candidate_0928,TCGA-A8-A09G_x36864_y16384_BR,679176005,1192,20,5,8,0,cfg01_gm1_c2_s30,-1.0,2.0,30,0.7241379310344828
candidate_0929,TCGA-A2-A04N_x46080_y48128_TR,2005419012,1193,23,1,2,2,cfg00_g0_c2_s30,0.0,2.0,30,0.72
candidate_0930,TCGA-AR-A24L_x57344_y44032_TL,1539749375,1195,29,3,7,7,cfg00_g0_c2_s30,0.0,2.0,30,0.8333333333333334
candidate_0931,TCGA-S3-AA14_x60416_y66560_BR,63500767,1196,8,3,2,2,cfg00_g0_c2_s30,0.0,2.0,30,0.8333333333333334
candidate_0932,TCGA-BH-A0HB_x82944_y28672_TL,1939322688,1197,27,9,0,0,cfg00_g0_c2_s30,0.0,2.0,30,0.8493150684931506
candidate_0933,TCGA-A2-A04Q_x71680_y32768_BL,1214891141,1198,41,1,14,6,cfg01_gm1_c2_s30,-1.0,2.0,30,0.6962025316455697
candidate_0934,TCGA-AN-A0FT_x7168_y20480_TL,1963896283,1199,28,6,1,1,cfg00_g0_c2_s30,0.0,2.0,30,0.9047619047619048
candidate_0935,TCGA-B6-A0IN_x81920_y64512_BR,1706147783,1200,2,1,0,0,cfg00_g0_c2_s30,0.0,2.0,30,0.6363636363636364
candidate_0936,TCGA-A2-A1G1_x46080_y23552_BL,1416197763,1201,8,25,7,7,cfg00_g0_c2_s30,0.0,2.0,30,0.8192771084337349
candidate_0937,TCGA-A8-A095_x7168_y24576_TL,1337585196,1202,20,2,9,1,cfg01_gm1_c2_s30,-1.0,2.0,30,1.0
candidate_0938,TCGA-D8-A1XC_x61440_y35840_BL,2049523876,1203,51,1,9,1,cfg01_gm1_c2_s30,-1.0,2.0,30,0.8765432098765432
candidate_0939,TCGA-EW-A1OV_x1024_y49152_BR,820461869,1204,66,18,9,1,cfg01_gm1_c2_s30,-1.0,2.0,30,0.7818181818181819
candidate_0940,TCGA-A8-A085_x27648_y30720_BL,480500164,1205,73,1,5,5,cfg00_g0_c2_s30,0.0,2.0,30,0.7951807228915663
candidate_0941,TCGA-A2-A3XY_x29696_y32768_BR,1321915239,1206,9,4,1,1,cfg00_g0_c2_s30,0.0,2.0,30,0.7936507936507936
candidate_0942,TCGA-E2-A1IJ_x33792_y9216_BL,1156376366,1207,3,2,2,2,cfg00_g0_c2_s30,0.0,2.0,30,0.875
candidate_0943,TCGA-BH-A5IZ_x70656_y37888_TL,532364879,1209,93,1,9,1,cfg01_gm1_c2_s30,-1.0,2.0,30,0.8679245283018868
candidate_0944,TCGA-E9-A249_x9216_y38912_TR,153181196,1210,39,2,1,1,cfg00_g0_c2_s30,0.0,2.0,30,0.8787878787878788
candidate_0945,TCGA-Z7-A8R5_x23552_y67584_BR,563016227,1211,19,24,0,0,cfg00_g0_c2_s30,0.0,2.0,30,0.7563025210084033
candidate_0946,TCGA-A8-A07Z_x14336_y25600_BR,1597352599,1212,57,2,11,3,cfg01_gm1_c2_s30,-1.0,2.0,30,0.7848101265822784
candidate_0947,TCGA-E2-A14P_x53248_y13312_TR,96857601,1213,57,4,0,0,cfg00_g0_c2_s30,0.0,2.0,30,0.8333333333333334
candidate_0948,TCGA-AR-A0TU_x107520_y40960_BR,1832328845,1215,3,2,6,6,cfg00_g0_c2_s30,0.0,2.0,30,0.8333333333333334
candidate_0949,TCGA-A2-A0YF_x119808_y40960_BR,537171555,1216,134,4,15,7,cfg01_gm1_c2_s30,-1.0,2.0,30,0.9571428571428572
candidate_0950,TCGA-EW-A1IY_x60416_y30720_TR,1323890589,1217,2,1,15,7,cfg01_gm1_c2_s30,-1.0,2.0,30,0.7142857142857143
candidate_0951,TCGA-BH-A0BW_x82944_y52224_TL,513008356,1218,60,3,6,6,cfg00_g0_c2_s30,0.0,2.0,30,0.5474452554744526
candidate_0952,TCGA-E2-A152_x87040_y44032_TL,487141984,1219,38,1,4,4,cfg00_g0_c2_s30,0.0,2.0,30,0.8
candidate_0953,TCGA-A2-A0EP_x71680_y58368_TR,1889696916,1220,11,1,5,5,cfg00_g0_c2_s30,0.0,2.0,30,0.6111111111111112
candidate_0954,TCGA-A2-A3XU_x49152_y9216_TL,64696338,1221,94,3,10,2,cfg01_gm1_c2_s30,-1.0,2.0,30,0.979591836734694
candidate_0955,TCGA-D8-A1XO_x55296_y38912_TL,1407997583,1224,80,6,5,5,cfg00_g0_c2_s30,0.0,2.0,30,0.8518518518518519
candidate_0956,TCGA-A8-A07U_x34816_y66560_TR,1485889254,1225,29,10,6,6,cfg00_g0_c2_s30,0.0,2.0,30,0.627906976744186
candidate_0957,TCGA-E2-A576_x45056_y41984_TR,1636615521,1226,53,4,6,6,cfg00_g0_c2_s30,0.0,2.0,30,0.7604166666666666
candidate_0958,TCGA-D8-A3Z6_x45056_y47104_BL,53097098,1227,28,7,2,2,cfg00_g0_c2_s30,0.0,2.0,30,0.7101449275362319
candidate_0959,TCGA-A7-A0DC_x64512_y31744_TR,281442730,1228,107,5,7,7,cfg00_g0_c2_s30,0.0,2.0,30,0.9586776859504132
candidate_0960,TCGA-A7-A26J_x60416_y11264_BL,215552058,1229,53,5,5,5,cfg00_g0_c2_s30,0.0,2.0,30,0.8279569892473119
candidate_0961,TCGA-BH-A0H7_x51200_y53248_BL,163245354,1230,13,33,3,3,cfg00_g0_c2_s30,0.0,2.0,30,0.8735632183908046
candidate_0962,TCGA-AC-A2QI_x24576_y13312_TL,1947977542,1231,22,3,1,1,cfg00_g0_c2_s30,0.0,2.0,30,0.8048780487804879
candidate_0963,TCGA-A2-A4RY_x20480_y7168_TR,982233081,1232,12,4,4,4,cfg00_g0_c2_s30,0.0,2.0,30,0.7261904761904762
candidate_0964,TCGA-A8-A094_x25600_y12288_BL,1410687998,1233,33,9,11,3,cfg01_gm1_c2_s30,-1.0,2.0,30,0.6666666666666666
candidate_0965,TCGA-S3-A6ZG_x43008_y32768_TR,903426293,1235,95,4,13,5,cfg01_gm1_c2_s30,-1.0,2.0,30,0.8057553956834532
candidate_0966,TCGA-GM-A2DI_x25600_y49152_BL,1312939917,1236,83,4,15,7,cfg01_gm1_c2_s30,-1.0,2.0,30,0.8686868686868687
candidate_0967,TCGA-BH-A0HK_x83968_y45056_TL,1541921423,1237,47,7,7,7,cfg00_g0_c2_s30,0.0,2.0,30,0.7564102564102564
candidate_0968,TCGA-C8-A138_x52224_y21504_TL,1874119965,1238,78,2,0,0,cfg00_g0_c2_s30,0.0,2.0,30,0.9213483146067416
candidate_0969,TCGA-BH-A0BG_x51200_y32768_TR,767826925,1240,84,4,7,7,cfg00_g0_c2_s30,0.0,2.0,30,0.8947368421052632
candidate_0970,TCGA-A8-A086_x39936_y83968_TL,91645757,1245,28,1,1,1,cfg00_g0_c2_s30,0.0,2.0,30,0.9166666666666666
candidate_0971,TCGA-GM-A2DO_x32768_y2048_BR,1168537882,1246,99,45,0,0,cfg00_g0_c2_s30,0.0,2.0,30,0.8064516129032258
candidate_0972,TCGA-AQ-A04L_x43008_y35840_BL,411257670,1247,24,1,10,2,cfg01_gm1_c2_s30,-1.0,2.0,30,0.9166666666666666
candidate_0973,TCGA-D8-A1XW_x26624_y23552_BR,1509436055,1248,48,6,3,3,cfg00_g0_c2_s30,0.0,2.0,30,0.8818181818181818
candidate_0974,TCGA-E2-A14O_x58368_y44032_TL,204255569,1249,19,1,12,4,cfg01_gm1_c2_s30,-1.0,2.0,30,0.8611111111111112
candidate_0975,TCGA-AR-A1AK_x22528_y32768_TL,428547696,1250,157,2,5,5,cfg00_g0_c2_s30,0.0,2.0,30,0.9878048780487804
candidate_0976,TCGA-D8-A1JL_x14336_y25600_BL,635693128,1251,47,5,6,6,cfg00_g0_c2_s30,0.0,2.0,30,0.675
candidate_0977,TCGA-BH-A18P_x45056_y18432_TR,1332591591,1252,24,1,3,3,cfg00_g0_c2_s30,0.0,2.0,30,0.94
candidate_0978,TCGA-E2-A14T_x57344_y48128_BR,924479523,1253,49,3,1,1,cfg00_g0_c2_s30,0.0,2.0,30,0.8666666666666667
candidate_0979,TCGA-A8-A06U_x6144_y25600_BR,355524432,1256,21,20,3,3,cfg00_g0_c2_s30,0.0,2.0,30,0.7232142857142857
candidate_0980,TCGA-BH-A0DZ_x49152_y37888_BR,773962591,1257,69,3,2,2,cfg00_g0_c2_s30,0.0,2.0,30,0.8690476190476191
candidate_0981,TCGA-D8-A1XQ_x55296_y8192_BR,715270478,1258,11,5,3,3,cfg00_g0_c2_s30,0.0,2.0,30,0.8208955223880597
candidate_0982,TCGA-BH-A0DZ_x48128_y61440_TR,2042531278,1259,49,2,4,4,cfg00_g0_c2_s30,0.0,2.0,30,0.85
candidate_0983,TCGA-AR-A5QP_x75776_y26624_BL,571031611,1260,57,4,2,2,cfg00_g0_c2_s30,0.0,2.0,30,0.8024691358024691
candidate_0984,TCGA-C8-A130_x17408_y32768_BR,1191965802,1261,56,7,7,7,cfg00_g0_c2_s30,0.0,2.0,30,0.9384615384615383
candidate_0985,TCGA-AC-A3W5_x25600_y21504_BL,294117581,1262,6,2,1,1,cfg00_g0_c2_s30,0.0,2.0,30,0.8484848484848485
candidate_0986,TCGA-E2-A1IF_x99328_y46080_BR,1519861335,1263,82,1,0,0,cfg00_g0_c2_s30,0.0,2.0,30,0.7857142857142857
candidate_0987,TCGA-A2-A4S3_x28672_y20480_TR,95307767,1264,27,5,4,4,cfg00_g0_c2_s30,0.0,2.0,30,0.8243243243243243
candidate_0988,TCGA-A8-A06R_x30720_y22528_BL,1903691098,1267,19,6,0,0,cfg00_g0_c2_s30,0.0,2.0,30,0.7789473684210526
candidate_0989,TCGA-D8-A1XZ_x26624_y23552_TR,1499467309,1268,87,2,5,5,cfg00_g0_c2_s30,0.0,2.0,30,0.8947368421052632
candidate_0990,TCGA-C8-A12X_x23552_y44032_TL,1200471497,1270,19,1,14,6,cfg01_gm1_c2_s30,-1.0,2.0,30,0.8235294117647058
candidate_0991,TCGA-A8-A09D_x23552_y19456_TL,850701129,1271,42,4,12,4,cfg01_gm1_c2_s30,-1.0,2.0,30,0.8833333333333333
candidate_0992,TCGA-A2-A3XT_x52224_y9216_TL,366579698,1273,87,4,4,4,cfg00_g0_c2_s30,0.0,2.0,30,0.946808510638298
candidate_0993,TCGA-S3-AA0Z_x12288_y16384_TL,30388446,1274,80,1,5,5,cfg00_g0_c2_s30,0.0,2.0,30,0.8461538461538461
candidate_0994,TCGA-LL-A5YL_x79872_y50176_TL,1971493850,1275,8,2,2,2,cfg00_g0_c2_s30,0.0,2.0,30,0.9130434782608696
candidate_0995,TCGA-LL-A5YM_x19456_y29696_BR,859681736,1276,58,2,4,4,cfg00_g0_c2_s30,0.0,2.0,30,0.8157894736842105
candidate_0996,TCGA-BH-A0HX_x71680_y46080_BR,770662466,1277,71,3,4,4,cfg00_g0_c2_s30,0.0,2.0,30,0.8690476190476191
candidate_0997,TCGA-A8-A08R_x79872_y23552_BR,1171501953,1278,18,9,13,5,cfg01_gm1_c2_s30,-1.0,2.0,30,0.5394736842105263
candidate_0998,TCGA-BH-A1FN_x21504_y35840_BL,230086585,1280,37,5,3,3,cfg00_g0_c2_s30,0.0,2.0,30,0.8518518518518519
candidate_0999,TCGA-D8-A1XG_x57344_y44032_TR,1659467443,1281,67,2,1,1,cfg00_g0_c2_s30,0.0,2.0,30,0.9
